<?xml version="1.0"?>
<!--<!DOCTYPE metadata SYSTEM "http://www.esri.com/metadata/esriprof80.dtd">-->
<metadata xml:lang="en"><Esri><CreaDate>20110317</CreaDate><CreaTime>16351600</CreaTime><SyncOnce>FALSE</SyncOnce><SyncDate>20121031</SyncDate><SyncTime>11150500</SyncTime><ModDate>20121031</ModDate><ModTime>11150500</ModTime><DataProperties><lineage><Process ToolSource="C:\ArcGIS\ArcToolbox\Toolboxes\Data Management Tools.tbx\Merge" Date="20101005" Time="154511">Merge 'Fort Worth Basin_NEW';AllSedimentaryBasins_v26 "C:\GIS - Steve\Coleman - Sed Basins Map\All_Sed_Basins\AllSedimentaryBasins_v27.shp" "Id 'Id' true true false 6 Long 0 6 ,First,#,Fort Worth Basin_NEW,Id,-1,-1,AllSedimentaryBasins_v26,Id,-1,-1;Name 'Name' true true false 50 Text 0 0 ,First,#,AllSedimentaryBasins_v26,Name,-1,-1;General_Ca 'General_Ca' true true false 40 Text 0 0 ,First,#,AllSedimentaryBasins_v26,General_Ca,-1,-1;Basin_Styl 'Basin_Styl' true true false 40 Text 0 0 ,First,#,AllSedimentaryBasins_v26,Basin_Styl,-1,-1;Geologic_E 'Geologic_E' true true false 30 Text 0 0 ,First,#,AllSedimentaryBasins_v26,Geologic_E,-1,-1;NOGAprvnce 'NOGAprvnce' true true false 254 Text 0 0 ,First,#,AllSedimentaryBasins_v26,NOGAprvnce,-1,-1;Era___Cat 'Era___Cat' true true false 30 Text 0 0 ,First,#,AllSedimentaryBasins_v26,Era___Cat,-1,-1"</Process><Process ToolSource="C:\ArcGIS\ArcToolbox\Toolboxes\Data Management Tools.tbx\Merge" Date="20101005" Time="155523">Merge AllSedimentaryBasins_v27;'Great Valley Basin_NEW' "C:\GIS - Steve\Coleman - Sed Basins Map\All_Sed_Basins\AllSedimentaryBasins_v28.shp" "Id 'Id' true true false 6 Long 0 6 ,First,#,AllSedimentaryBasins_v27,Id,-1,-1,Great Valley Basin_NEW,Id,-1,-1;Name 'Name' true true false 50 Text 0 0 ,First,#,AllSedimentaryBasins_v27,Name,-1,-1;General_Ca 'General_Ca' true true false 40 Text 0 0 ,First,#,AllSedimentaryBasins_v27,General_Ca,-1,-1;Basin_Styl 'Basin_Styl' true true false 40 Text 0 0 ,First,#,AllSedimentaryBasins_v27,Basin_Styl,-1,-1;Geologic_E 'Geologic_E' true true false 30 Text 0 0 ,First,#,AllSedimentaryBasins_v27,Geologic_E,-1,-1;NOGAprvnce 'NOGAprvnce' true true false 254 Text 0 0 ,First,#,AllSedimentaryBasins_v27,NOGAprvnce,-1,-1;Era___Cat 'Era___Cat' true true false 30 Text 0 0 ,First,#,AllSedimentaryBasins_v27,Era___Cat,-1,-1"</Process><Process ToolSource="C:\ArcGIS\ArcToolbox\Toolboxes\Data Management Tools.tbx\Merge" Date="20101005" Time="155825">Merge AllSedimentaryBasins_v28;'Hanna Basin_NEW' "C:\GIS - Steve\Coleman - Sed Basins Map\All_Sed_Basins\AllSedimentaryBasins_v29.shp" "Id 'Id' true true false 6 Long 0 6 ,First,#,AllSedimentaryBasins_v28,Id,-1,-1,Hanna Basin_NEW,Id,-1,-1;Name 'Name' true true false 50 Text 0 0 ,First,#,AllSedimentaryBasins_v28,Name,-1,-1;General_Ca 'General_Ca' true true false 40 Text 0 0 ,First,#,AllSedimentaryBasins_v28,General_Ca,-1,-1;Basin_Styl 'Basin_Styl' true true false 40 Text 0 0 ,First,#,AllSedimentaryBasins_v28,Basin_Styl,-1,-1;Geologic_E 'Geologic_E' true true false 30 Text 0 0 ,First,#,AllSedimentaryBasins_v28,Geologic_E,-1,-1;NOGAprvnce 'NOGAprvnce' true true false 254 Text 0 0 ,First,#,AllSedimentaryBasins_v28,NOGAprvnce,-1,-1;Era___Cat 'Era___Cat' true true false 30 Text 0 0 ,First,#,AllSedimentaryBasins_v28,Era___Cat,-1,-1"</Process><Process ToolSource="C:\ArcGIS\ArcToolbox\Toolboxes\Data Management Tools.tbx\Merge" Date="20101005" Time="160126">Merge AllSedimentaryBasins_v29;'Kerr Basin_NEW' "C:\GIS - Steve\Coleman - Sed Basins Map\All_Sed_Basins\AllSedimentaryBasins_v30.shp" "Id 'Id' true true false 6 Long 0 6 ,First,#,AllSedimentaryBasins_v29,Id,-1,-1,Kerr Basin_NEW,Id,-1,-1;Name 'Name' true true false 50 Text 0 0 ,First,#,AllSedimentaryBasins_v29,Name,-1,-1;General_Ca 'General_Ca' true true false 40 Text 0 0 ,First,#,AllSedimentaryBasins_v29,General_Ca,-1,-1;Basin_Styl 'Basin_Styl' true true false 40 Text 0 0 ,First,#,AllSedimentaryBasins_v29,Basin_Styl,-1,-1;Geologic_E 'Geologic_E' true true false 30 Text 0 0 ,First,#,AllSedimentaryBasins_v29,Geologic_E,-1,-1;NOGAprvnce 'NOGAprvnce' true true false 254 Text 0 0 ,First,#,AllSedimentaryBasins_v29,NOGAprvnce,-1,-1;Era___Cat 'Era___Cat' true true false 30 Text 0 0 ,First,#,AllSedimentaryBasins_v29,Era___Cat,-1,-1"</Process><Process ToolSource="C:\ArcGIS\ArcToolbox\Toolboxes\Data Management Tools.tbx\DefineProjection" Date="20101021" Time="171934">DefineProjection "C:\GIS - Steve\Coleman - Sed Basins Map\All_Sed_Basins\Final Datasets\Sedimentary Basins of the Conterminous United States.shp" PROJCS['North_America_Albers_Equal_Area_Conic',GEOGCS['GCS_North_American_1983',DATUM['D_North_American_1983',SPHEROID['GRS_1980',6378137.0,298.257222101]],PRIMEM['Greenwich',0.0],UNIT['Degree',0.0174532925199433]],PROJECTION['Albers'],PARAMETER['False_Easting',0.0],PARAMETER['False_Northing',0.0],PARAMETER['Central_Meridian',-96.0],PARAMETER['Standard_Parallel_1',20.0],PARAMETER['Standard_Parallel_2',60.0],PARAMETER['Latitude_Of_Origin',40.0],UNIT['Meter',1.0]] "C:\GIS - Steve\Coleman - Sed Basins Map\All_Sed_Basins\Final Datasets\Sedimentary Basins of the Conterminous United States.shp"</Process><Process ToolSource="C:\ArcGIS\ArcToolbox\Toolboxes\Data Management Tools.tbx\DefineProjection" Date="20101027" Time="094512">DefineProjection "C:\GIS - Steve\Coleman - Sed Basins Map\All_Sed_Basins\Final Datasets\Sedimentary Basins of the Conterminous United States.shp" PROJCS['North_America_Albers_Equal_Area_Conic',GEOGCS['GCS_North_American_1983',DATUM['D_North_American_1983',SPHEROID['GRS_1980',6378137.0,298.257222101]],PRIMEM['Greenwich',0.0],UNIT['Degree',0.0174532925199433]],PROJECTION['Albers'],PARAMETER['False_Easting',0.0],PARAMETER['False_Northing',0.0],PARAMETER['Central_Meridian',-96.0],PARAMETER['Standard_Parallel_1',20.0],PARAMETER['Standard_Parallel_2',60.0],PARAMETER['Latitude_Of_Origin',40.0],UNIT['Meter',1.0]] "C:\GIS - Steve\Coleman - Sed Basins Map\All_Sed_Basins\Final Datasets\Sedimentary Basins of the Conterminous United States.shp"</Process></lineage><itemProps><itemName Sync="TRUE">Sedimentary_Basins_of_the_United_States</itemName><imsContentType Sync="TRUE">002</imsContentType><nativeExtBox><westBL Sync="TRUE">-180.000000</westBL><eastBL Sync="TRUE">180.000000</eastBL><southBL Sync="TRUE">17.286397</southBL><northBL Sync="TRUE">74.992985</northBL><exTypeCode Sync="TRUE">1</exTypeCode></nativeExtBox><itemSize Sync="TRUE">0.396</itemSize><itemLocation><linkage Sync="TRUE">file://\\IGSAAAHMWSG263\C$\GIS - Steve\Coleman - Sed Basins Map\LATEST_VERSION_18JULY2011\Sedimentary_Basins_of_the_United_States.shp</linkage><protocol Sync="TRUE">Local Area Network</protocol></itemLocation></itemProps><coordRef><type Sync="TRUE">Geographic</type><geogcsn Sync="TRUE">GCS_North_American_1983</geogcsn><csUnits Sync="TRUE">Angular Unit: Degree (0.017453)</csUnits><peXml Sync="TRUE">&lt;GeographicCoordinateSystem xsi:type='typens:GeographicCoordinateSystem' xmlns:xsi='http://www.w3.org/2001/XMLSchema-instance' xmlns:xs='http://www.w3.org/2001/XMLSchema' xmlns:typens='http://www.esri.com/schemas/ArcGIS/10.0'&gt;&lt;WKT&gt;GEOGCS[&amp;quot;GCS_North_American_1983&amp;quot;,DATUM[&amp;quot;D_North_American_1983&amp;quot;,SPHEROID[&amp;quot;GRS_1980&amp;quot;,6378137.0,298.257222101]],PRIMEM[&amp;quot;Greenwich&amp;quot;,0.0],UNIT[&amp;quot;Degree&amp;quot;,0.0174532925199433],AUTHORITY[&amp;quot;EPSG&amp;quot;,4269]]&lt;/WKT&gt;&lt;XOrigin&gt;-399.99999999999989&lt;/XOrigin&gt;&lt;YOrigin&gt;-399.99999999999989&lt;/YOrigin&gt;&lt;XYScale&gt;11258999068426.24&lt;/XYScale&gt;&lt;ZOrigin&gt;-100000&lt;/ZOrigin&gt;&lt;ZScale&gt;10000&lt;/ZScale&gt;&lt;MOrigin&gt;-100000&lt;/MOrigin&gt;&lt;MScale&gt;10000&lt;/MScale&gt;&lt;XYTolerance&gt;8.9831528411952117e-009&lt;/XYTolerance&gt;&lt;ZTolerance&gt;0.001&lt;/ZTolerance&gt;&lt;MTolerance&gt;0.001&lt;/MTolerance&gt;&lt;HighPrecision&gt;true&lt;/HighPrecision&gt;&lt;LeftLongitude&gt;-180&lt;/LeftLongitude&gt;&lt;WKID&gt;4269&lt;/WKID&gt;&lt;/GeographicCoordinateSystem&gt;</peXml></coordRef></DataProperties><MetaID>{36EEB5DF-011F-48C4-92CE-85941C008A37}</MetaID></Esri><idinfo><native Sync="TRUE">Microsoft Windows XP Version 5.1 (Build 2600) Service Pack 3; ESRI ArcCatalog 9.3.1.4000</native><descript><langdata Sync="TRUE">en</langdata><abstract>One hundred forty-four sedimentary basins (or groups of basins) are identified, located, and briefly described in support of the Geologic Carbon Dioxide Sequestration National Assessment Project (Brennan and others, 2010).  This catalog of basins is designed to provide a check list and basic geologic framework for compiling more detailed geologic and reservoir engineering data for this and other potential projects.</abstract><purpose>A map/data base of sedimentary basins of the United States is a promised early deliverable of the Carbon Dioxide Geologic Sequestration National Assessment Project.</purpose></descript><citation><citeinfo><origin>Coleman, J.L., Jr.</origin><pubdate>2012</pubdate><title>Preliminary Catalog of the Sedimentary Basins of the United States</title><ftname Sync="TRUE">Sedimentary_Basins_of_the_United_States</ftname><geoform Sync="TRUE">vector digital data</geoform><pubtime>Unknown</pubtime><edition>1.0</edition><pubinfo><pubplace>Reston, VA</pubplace><publish>U.S. Geological Survey</publish></pubinfo><onlink>http://pubs.usgs.gov/of/2012/1111/</onlink><origin>Cahan, Steven M.</origin></citeinfo></citation><timeperd><current>publication date</current><timeinfo><rngdates><begdate>12/1/2010</begdate><begtime>unknown</begtime><enddate>7/19/2011</enddate><endtime>unknown</endtime></rngdates></timeinfo></timeperd><status><progress>In work</progress><update>None planned</update></status><spdom><bounding><westbc Sync="TRUE">-180.000000</westbc><eastbc Sync="TRUE">180.000000</eastbc><northbc Sync="TRUE">74.992985</northbc><southbc Sync="TRUE">17.286397</southbc></bounding><lboundng><leftbc Sync="TRUE">-180.000000</leftbc><rightbc Sync="TRUE">180.000000</rightbc><bottombc Sync="TRUE">17.286397</bottombc><topbc Sync="TRUE">74.992985</topbc></lboundng></spdom><keywords><theme><themekt>ISO 19115 Topic Category</themekt><themekey>Geoscientific Information</themekey><themekey>Sedimentary Basins</themekey></theme><place><placekey>North America</placekey><placekey>United States</placekey><placekey>Alabama</placekey><placekey>Arizona</placekey><placekey>Arkansas</placekey><placekey>California</placekey><placekey>Colorado</placekey><placekey>Connecticut</placekey><placekey>Delaware</placekey><placekey>District of Columbia</placekey><placekey>Florida</placekey><placekey>Georgia</placekey><placekey>Idaho</placekey><placekey>Illinois</placekey><placekey>Indiana</placekey><placekey>Iowa</placekey><placekey>Kansas</placekey><placekey>Kentucky</placekey><placekey>Louisiana</placekey><placekey>Maine</placekey><placekey>Maryland</placekey><placekey>Massachusetts</placekey><placekey>Michigan</placekey><placekey>Minnesota</placekey><placekey>Mississippi</placekey><placekey>Missouri</placekey><placekey>Montana</placekey><placekey>Nebraska</placekey><placekey>Nevada</placekey><placekey>New Hampshire</placekey><placekey>New Jersey</placekey><placekey>New Mexico</placekey><placekey>New York</placekey><placekey>North Carolina</placekey><placekey>North Dakota</placekey><placekey>Ohio</placekey><placekey>Oklahoma</placekey><placekey>Oregon</placekey><placekey>Pennsylvania</placekey><placekey>Rhode Island</placekey><placekey>South Carolina</placekey><placekey>South Dakota</placekey><placekey>Tennessee</placekey><placekey>Texas</placekey><placekey>Utah</placekey><placekey>Vermont</placekey><placekey>Virginia</placekey><placekey>Washington</placekey><placekey>West Virginia</placekey><placekey>Wisconsin</placekey><placekey>Wyoming</placekey><placekey>Albuquerque Basin</placekey><placekey>Anadarko Basin</placekey><placekey>Antler Foreland Basin</placekey><placekey>Appalachian Basin</placekey><placekey>Appalachicola Embayment</placekey><placekey>Arkoma-Ouachita Basins</placekey><placekey>Auld Lang Syne Basin</placekey><placekey>Baca Basin</placekey><placekey>Basin and Range Basins</placekey><placekey>Belt Basin</placekey><placekey>Big Horn Basin</placekey><placekey>Bird Spring Basin</placekey><placekey>Birmingham Graben</placekey><placekey>Black Mesa Basin</placekey><placekey>Blue Mountains Basin</placekey><placekey>Boston Basin</placekey><placekey>Bozeman Basin</placekey><placekey>Bridger Basin</placekey><placekey>Brown's Park Basin</placekey><placekey>Buried Newark Group Basins</placekey><placekey>C Colorado-Taos Trough</placekey><placekey>Central Coastal Basins</placekey><placekey>Cherokee Basin</placekey><placekey>Chuar Group Area</placekey><placekey>Clarno-John Day Basin</placekey><placekey>Clarno Basin</placekey><placekey>Claron Basin</placekey><placekey>Columbia River Plateau Basins</placekey><placekey>Copper-Bull Run-Elko-Indian Wells Basin</placekey><placekey>Crazy Mtns Basin</placekey><placekey>Dalhart Basin</placekey><placekey>Denver Basin</placekey><placekey>Ely Basin</placekey><placekey>Espanola Basin</placekey><placekey>Estancia Basin</placekey><placekey>Exposed Newark Group Basins</placekey><placekey>Forest City Basin</placekey><placekey>Fort Worth Basin</placekey><placekey>Grand Canyon Embayment</placekey><placekey>Great Smoky Mts Rift Basin</placekey><placekey>Great Valley Basin</placekey><placekey>Greater Green River Basin</placekey><placekey>Gulf of Mexico</placekey><placekey>Hanna Basin</placekey><placekey>Havallah Basin</placekey><placekey>Hogeland Basin</placekey><placekey>Holbrook Basin</placekey><placekey>Hollis-Hardeman Basin</placekey><placekey>Hornbrook-Ochoco Basin</placekey><placekey>Illinois Basin</placekey><placekey>Jackson Hole Basin</placekey><placekey>Jornada Basin</placekey><placekey>Judith-Wheatland Bulls Mtn Basins</placekey><placekey>Kaiparowits Basin</placekey><placekey>Kennedy Basin</placekey><placekey>Kerr Basin</placekey><placekey>Laramie Basin</placekey><placekey>Las Vegas Basin</placekey><placekey>Marathon-Marfa Basins</placekey><placekey>Mesilla Basin</placekey><placekey>Michigan Basin</placekey><placekey>Midcontinent Rift</placekey><placekey>Middle Park Basin</placekey><placekey>Miss Ouach-Black Warrior Basin</placekey><placekey>Mississippi Embayment</placekey><placekey>Montgomery Creek Basin</placekey><placekey>Narragansett Basin</placekey><placekey>No California Borderland Basins</placekey><placekey>No Montana Thrust Belt</placekey><placekey>North Park Basin</placekey><placekey>Oquirrh Basin</placekey><placekey>Orogrande Basin</placekey><placekey>Palo Duro Basin</placekey><placekey>Paradox Basin</placekey><placekey>Pedregosa Basin</placekey><placekey>Permian Basin</placekey><placekey>Piceance Basin</placekey><placekey>Post Ouachita Successor Basin</placekey><placekey>Powder River Basin</placekey><placekey>Raton Basin</placekey><placekey>Reelfoot Rift</placekey><placekey>Rome Trough</placekey><placekey>Rough Creek Graben</placekey><placekey>Round Valley Basin</placekey><placekey>Ruby Basin</placekey><placekey>Sacramento Basin</placekey><placekey>Salina Basin</placekey><placekey>San Joaquin Basin</placekey><placekey>San Juan Basin</placekey><placekey>San Luis Basin</placekey><placekey>SE Oregon Basins</placekey><placekey>Sedgwick Basin</placekey><placekey>Sheep Pass Basin</placekey><placekey>Sherman Basin</placekey><placekey>Shirley Basin</placekey><placekey>Snake River Downwarp</placekey><placekey>So California</placekey><placekey>Sonoma-Livermore Basin</placekey><placekey>South Florida</placekey><placekey>Sweetwater Trough</placekey><placekey>Tascotal Basin</placekey><placekey>Tucumcari Basin</placekey><placekey>Tularosa Basin</placekey><placekey>Uinta Basin</placekey><placekey>Val Verde Basin</placekey><placekey>West Nevada Permo-Triassic Basin</placekey><placekey>Western Washington-Oregon Basins</placekey><placekey>West Atlantic Basin</placekey><placekey>White River-Split River Basin</placekey><placekey>Williston Basin</placekey><placekey>Wind River Basin</placekey><placekey>Zuni Basin</placekey><placekey>Alaska</placekey><placekey>Aleutian Basin</placekey><placekey>Amak-St. George-Pribilof-Walrus Basin</placekey><placekey>Amukta Basin</placekey><placekey>Bristol Bay Basin</placekey><placekey>Canada Basin</placekey><placekey>Colville Basin and Foldbelt</placekey><placekey>Cook Inlet Basin</placekey><placekey>Copper River Basin</placekey><placekey>Galena Basin</placekey><placekey>Holitna Basin</placekey><placekey>Hope Basin</placekey><placekey>Innoko Basin</placekey><placekey>Kobuk-Selawik Basin</placekey><placekey>Kotzebue Basin</placekey><placekey>Middleton-Yakataga Basin</placekey><placekey>Minchumina Basin</placekey><placekey>Navarin Basin</placekey><placekey>Nenana Basin</placekey><placekey>Noatak Basin</placekey><placekey>North Chukchi Basin</placekey><placekey>Northway Lowlands</placekey><placekey>Norton Basin</placekey><placekey>Nuwuk-Dinkum-Kaktovik Basin</placekey><placekey>Sanak-Shumagin-Tugidak Basins</placekey><placekey>Shelikov Basin</placekey><placekey>St. Matthew Hall Basin</placekey><placekey>Stevenson-Albatross Basin</placekey><placekey>Susitna Basin</placekey><placekey>Umnak Plateau Basin</placekey><placekey>Yukon Flats Basin</placekey><placekey>Bethel Basin</placekey><placekey>Hawaii</placekey><placekey>Hawaii Sedimentary Basin</placekey></place><temporal><tempkey>Cenozoic</tempkey><tempkey>Mesozoic</tempkey><tempkey>Paleozoic</tempkey><tempkey>Neoroterozoic</tempkey></temporal></keywords><accconst>none</accconst><useconst>none</useconst><natvform Sync="TRUE">Shapefile</natvform><ptcontac><cntinfo><cntperp><cntper>James Coleman</cntper><cntorg>USGS</cntorg></cntperp><cntpos>Chief Scientist, Eastern Energy Resources Science Center</cntpos><cntvoice>1-703-648-6400</cntvoice><cntemail>jlcoleman@usgs.gov</cntemail><cntaddr><addrtype>mailing and physical address</addrtype><address>MS 956 National Center</address><city>Reston</city><state>VA</state><postal>20192</postal><country>USA</country></cntaddr><hours>9:00AM - 5:00PM</hours><cntinst>Preferred contact method is electronic mail.</cntinst></cntinfo></ptcontac><secinfo><secclass>Unclassified</secclass></secinfo><crossref><citeinfo><origin>Cohee, G. V.</origin><origin>Applin, P. L.</origin><origin>Bass, N. W.</origin><origin>Bell, A. H.</origin><origin>Billings, M. P.</origin><origin>DeFord, R. K.</origin><origin>Dobbin, C. E.</origin><origin>Donnell J. R.</origin><origin>Forrester, J. D.</origin><origin>Gilluly, J.</origin><origin>Hoots, H. W. </origin><origin>King, P. B.</origin><origin>Longwell, C. R. </origin><origin>Lyons, P. L.</origin><origin>Murray, G. E.</origin><origin>Waters, A. C. </origin><pubdate>1962</pubdate><pubtime>Unknown</pubtime><title>Tectonic map of the United States exclusive of Alaska and Hawaii: U.S. Geological Survey and the American Association of Petroleum Geologists</title><geoform>map</geoform><pubinfo><pubplace>Washington, D.C. and Tulsa, OK</pubplace></pubinfo><othercit>2 sheets, scale 1:2,500,000</othercit></citeinfo></crossref><crossref><citeinfo><title>Map of sedimentary basins in the conterminous United States: U.S. Geological Survey Oil and Gas Investigations Map OM-223</title><origin>Frezon, S. E.</origin><origin>Finn, T. M.</origin><pubdate>Unknown</pubdate><pubtime>Unknown</pubtime><geoform>map</geoform><othercit>1 sheet, scale 1:5,000,000</othercit></citeinfo></crossref><crossref><citeinfo><origin>Seismic Exchange, Inc.</origin><pubdate>2003</pubdate><pubtime>Unknown</pubtime><title>USA Map: Major Geological Features and Producing Basins</title><geoform>map</geoform><onlink>http://www.seismicexchange.com/res/dwf/usbasin_SEI.dwf</onlink></citeinfo></crossref><crossref><citeinfo><title>Maps developed by the Department of Energy </title><origin>Energy Information Agency</origin><pubdate>Unknown</pubdate><pubtime>Unknown</pubtime><geoform>map</geoform><onlink>http://www.eia.doe.gov/pub/oil_gas/natural_gas/analysis_publications/maps/maps.htm</onlink></citeinfo></crossref><crossref><citeinfo><pubdate>Unknown</pubdate><pubtime>Unknown</pubtime><title>Geology of the Conterminous United States at 1:2,500,000 Scale</title><geoform>vector digital data</geoform><othercit>A digital representation of the 1974 P. B. King and H. M. Beikman Map</othercit><onlink>http://pubs.usgs.gov/dds/dds11/index.html</onlink></citeinfo></crossref><crossref><citeinfo><pubdate>Unknown</pubdate><pubtime>Unknown</pubtime><title>Fugro Tellus Sedimentary Basins of the World Map</title><geoform>map</geoform><onlink>http://gisudril.aapg.org/gisdemo/FugroTellus.html</onlink></citeinfo></crossref><crossref><citeinfo><title>The Geology of Alaska</title><origin>Plafker, G.</origin><origin>Berg, H. D.</origin><pubdate>1994</pubdate><pubtime>Unknown</pubtime><geoform>map</geoform><serinfo><sername>The Geology of North America</sername><issue>v. G-1</issue></serinfo><pubinfo><pubplace>Boulder, CO</pubplace><publish>Geological Society of America</publish></pubinfo><othercit>taken from chapter "Map showing sedimentary basins in Alaska" by Kirschner, C. E., plate 7, 1 sheet, scale 1:2,500,000</othercit><onlink>http://agdc.usgs.gov/data/usgs/geology/</onlink></citeinfo></crossref><crossref><citeinfo><title>Fugro Tellus Sedimentary Basins of the World Map</title><pubdate>Unknown</pubdate><pubtime>Unknown</pubtime><geoform>map</geoform><onlink>http://gisudril.aapg.org/gisdemo/FugroTellus.html</onlink></citeinfo></crossref></idinfo><dataIdInfo><envirDesc Sync="TRUE">Microsoft Windows 7 Version 6.1 (Build 7601) Service Pack 1; ESRI ArcGIS 10.0.3.3600</envirDesc><dataLang><languageCode Sync="TRUE" value="eng"></languageCode><countryCode value="USA" Sync="TRUE"></countryCode></dataLang><idCitation><resTitle Sync="TRUE">Sedimentary_Basins_of_the_United_States</resTitle><presForm><PresFormCd Sync="TRUE" value="005"></PresFormCd></presForm></idCitation><spatRpType><SpatRepTypCd Sync="TRUE" value="001"></SpatRepTypCd></spatRpType><dataExt><geoEle><GeoBndBox esriExtentType="native"><westBL Sync="TRUE">-180</westBL><eastBL Sync="TRUE">180</eastBL><northBL Sync="TRUE">74.992985</northBL><southBL Sync="TRUE">17.286397</southBL><exTypeCode Sync="TRUE">1</exTypeCode></GeoBndBox></geoEle></dataExt><geoBox esriExtentType="decdegrees"><westBL Sync="TRUE">-180</westBL><eastBL Sync="TRUE">180</eastBL><northBL Sync="TRUE">74.992985</northBL><southBL Sync="TRUE">17.286397</southBL><exTypeCode Sync="TRUE">1</exTypeCode></geoBox><dataExt><geoEle><GeoBndBox esriExtentType="search"><exTypeCode Sync="TRUE">1</exTypeCode><westBL Sync="TRUE">-180.000000</westBL><eastBL Sync="TRUE">180.000000</eastBL><northBL Sync="TRUE">74.992985</northBL><southBL Sync="TRUE">17.286397</southBL></GeoBndBox></geoEle></dataExt></dataIdInfo><metainfo><langmeta Sync="TRUE">en</langmeta><metstdn Sync="TRUE">FGDC Content Standards for Digital Geospatial Metadata</metstdn><metstdv Sync="TRUE">FGDC-STD-001-1998</metstdv><mettc Sync="TRUE">local time</mettc><metc><cntinfo><cntaddr><addrtype>mailing address</addrtype><city>Reston</city><state>VA</state><postal>20192</postal><address>12201 Sunrise Valley Drive</address><address>Mail Stop 956</address><country>USA</country></cntaddr><cntvoice>703-648-6435</cntvoice><cntperp><cntper>Steven Cahan</cntper><cntorg>U. S. Geological Survey</cntorg></cntperp><cntpos>Cartographer</cntpos><cntemail>scahan@usgs.gov</cntemail><hours>8:00 AM - 5:00 PM</hours><cntinst>Electronic mail is preferred method of contact</cntinst></cntinfo></metc><metd Sync="TRUE">20110718</metd><metsi><metscs>none</metscs><metsc>Unclassified</metsc><metshd>none</metshd></metsi></metainfo><mdLang><languageCode Sync="TRUE" value="eng"></languageCode><countryCode value="USA" Sync="TRUE"></countryCode></mdLang><mdStanName Sync="TRUE">ISO 19115 Geographic Information - Metadata</mdStanName><mdStanVer Sync="TRUE">DIS_ESRI1.0</mdStanVer><mdChar><CharSetCd Sync="TRUE" value="004"></CharSetCd></mdChar><mdHrLv><ScopeCd Sync="TRUE" value="005"></ScopeCd></mdHrLv><mdHrLvName Sync="TRUE">dataset</mdHrLvName><distinfo><resdesc Sync="TRUE">Downloadable Data</resdesc><stdorder><digform><digtinfo><transize Sync="TRUE">0.396</transize><dssize Sync="TRUE">0.396</dssize></digtinfo></digform></stdorder></distinfo><distInfo><distributor><distorTran><onLineSrc><orDesc Sync="TRUE">002</orDesc><linkage Sync="TRUE">file://\\IGSAAAHMLTG106\C\Cahan\Sedimentary_Basins_of_the_United_States.shp</linkage><protocol Sync="TRUE">Local Area Network</protocol></onLineSrc><transSize Sync="TRUE">0.396</transSize></distorTran><distorFormat><formatName Sync="TRUE">Shapefile</formatName></distorFormat></distributor><distFormat><formatName Sync="TRUE">Shapefile</formatName></distFormat><distTranOps><transSize Sync="TRUE">0.396</transSize></distTranOps></distInfo><spdoinfo><direct Sync="TRUE">Vector</direct><ptvctinf><esriterm><efeatyp Sync="TRUE">Simple</efeatyp><efeageom code="4" Sync="TRUE"></efeageom><esritopo Sync="TRUE">FALSE</esritopo><efeacnt Sync="TRUE">144</efeacnt><spindex Sync="TRUE">TRUE</spindex><linrefer Sync="TRUE">FALSE</linrefer></esriterm></ptvctinf></spdoinfo><spref><horizsys><cordsysn><geogcsn Sync="TRUE">GCS_North_American_1983</geogcsn></cordsysn><geodetic><horizdn Sync="TRUE">North American Datum of 1983</horizdn><ellips Sync="TRUE">Geodetic Reference System 80</ellips><semiaxis Sync="TRUE">6378137.000000</semiaxis><denflat Sync="TRUE">298.257222</denflat></geodetic><geograph><geogunit Sync="TRUE">Decimal degrees</geogunit><latres Sync="TRUE">0.000000</latres><longres Sync="TRUE">0.000000</longres></geograph></horizsys></spref><refSysInfo><RefSystem><refSysID><identCode Sync="TRUE" value="4269">GCS_North_American_1983</identCode><idCodeSpace Sync="TRUE">EPSG</idCodeSpace><idVersion Sync="TRUE">7.4.1</idVersion></refSysID></RefSystem></refSysInfo><spatRepInfo><VectSpatRep><geometObjs Name="Sedimentary_Basins_of_the_United_States"><geoObjTyp><GeoObjTypCd value="002" Sync="TRUE"></GeoObjTypCd></geoObjTyp><geoObjCnt Sync="TRUE">144</geoObjCnt></geometObjs><topLvl><TopoLevCd value="001" Sync="TRUE"></TopoLevCd></topLvl></VectSpatRep></spatRepInfo><eainfo><detailed Name="Sedimentary_Basins_of_the_United_States"><enttyp><enttypl Sync="TRUE">Sedimentary_Basins_of_the_United_States</enttypl><enttypt Sync="TRUE">Feature Class</enttypt><enttypc Sync="TRUE">144</enttypc><enttypd>Polygons of sedimentary basins of the United States of Cenozoic, Mesozoic, Paleozoic, and Proterozoic origin</enttypd><enttypds>Berg and Plafker, 1994, Cohee, G. V. and others, 1962, Frezon and Finn, Winterer, E. L. and others, 1989, and Sherrod, D. R. and others, 2007</enttypds></enttyp><attr><attrlabl Sync="TRUE">FID</attrlabl><attalias Sync="TRUE">FID</attalias><attrtype Sync="TRUE">OID</attrtype><attwidth Sync="TRUE">4</attwidth><atprecis Sync="TRUE">0</atprecis><attscale Sync="TRUE">0</attscale><attrdef Sync="TRUE">Internal feature number.</attrdef><attrdefs Sync="TRUE">ESRI</attrdefs><attrdomv><udom Sync="TRUE">Sequential unique whole numbers that are automatically generated.</udom></attrdomv></attr><attr><attrlabl Sync="TRUE">Shape</attrlabl><attalias Sync="TRUE">Shape</attalias><attrtype Sync="TRUE">Geometry</attrtype><attwidth Sync="TRUE">0</attwidth><atprecis Sync="TRUE">0</atprecis><attscale Sync="TRUE">0</attscale><attrdef Sync="TRUE">Feature geometry.</attrdef><attrdefs Sync="TRUE">ESRI</attrdefs><attrdomv><udom Sync="TRUE">Coordinates defining the features.</udom></attrdomv></attr><attr><attrlabl Sync="TRUE">Name</attrlabl><attalias Sync="TRUE">Name</attalias><attrtype Sync="TRUE">String</attrtype><attwidth Sync="TRUE">55</attwidth><attrdef>Name of sedimentary basin</attrdef><attrdefs>Berg and Plafker, 1994, Cohee, G. V. and others, 1962, Frezon and Finn, Winterer, E. L. and others, 1989, and Sherrod, D. R. and others, 2007</attrdefs><atprecis Sync="TRUE">0</atprecis><attscale Sync="TRUE">0</attscale></attr><attr><attrlabl Sync="TRUE">NOGAprvnce</attrlabl><attalias Sync="TRUE">NOGAprvnce</attalias><attrtype Sync="TRUE">String</attrtype><attwidth Sync="TRUE">254</attwidth><attrdef>NOGA province in which the basin completely falls or at least covers part of</attrdef><attrdomv><udom>Coordinates defining the features.</udom></attrdomv><attrdefs>USGS, National Assessment of Oil and Gas</attrdefs><atprecis Sync="TRUE">0</atprecis><attscale Sync="TRUE">0</attscale></attr><attr><attrlabl Sync="TRUE">Area_acres</attrlabl><attalias Sync="TRUE">Area_acres</attalias><attrtype Sync="TRUE">Double</attrtype><attwidth Sync="TRUE">16</attwidth><attrdef>area of polygon calculated in acres</attrdef><attrdomv><rdom><rdommin>247122.585</rdommin><rdommax>277952026.843</rdommax><rdommean>17623569.165377</rdommean><attrunit>Acres</attrunit></rdom></attrdomv><attrdefs>ESRI</attrdefs><atprecis Sync="TRUE">15</atprecis><attscale Sync="TRUE">3</attscale></attr><attr><attrlabl Sync="TRUE">Perimet_mi</attrlabl><attalias Sync="TRUE">Perimet_mi</attalias><attrtype Sync="TRUE">Double</attrtype><attwidth Sync="TRUE">16</attwidth><attrdef>perimeter of outside edge of polygon calculated in miles</attrdef><attrdomv><rdom><rdommin>88.781</rdommin><rdommax>7207.552</rdommax><rdommean>772.417202</rdommean><attrunit>Miles</attrunit></rdom></attrdomv><attrdefs>ESRI</attrdefs><atprecis Sync="TRUE">15</atprecis><attscale Sync="TRUE">3</attscale></attr><attr><attrlabl Sync="TRUE">PltTectSet</attrlabl><attalias Sync="TRUE">PltTectSet</attalias><attrtype Sync="TRUE">String</attrtype><attwidth Sync="TRUE">15</attwidth><attrdef>Plate tectonic setting is that setting or place on a tectonic plate in which the basins is found.</attrdef><attrdomv><edom><edomv>Intracratonic</edomv><edomvd>An intracratonic basin is formed within the boundaries of a craton, which is that part of a tectonic plate that is dominated by continental masses characteristically composed of ancient crystalline basement rock covered by younger sedimentary rock.</edomvd><edomvds>Coleman, J. L.</edomvds></edom><edom><edomv>Intercratonic</edomv><edomvd>An intercratonic basin extends onto oceanic crust and is formed between cratons, which are those parts of tectonic plates that are dominated by continental masses characteristically composed of ancient crystalline basement rock covered by younger sedimentary rock.</edomvd><edomvds>Coleman, J. L.</edomvds></edom><edom><edomv>Pericratonic</edomv><edomvd>A pericratonic basin is formed or accreted at or near the margins of the craton, which is that part of a tectonic plate that is dominated by continental masses characteristically composed of ancient crystalline basement rock covered by younger sedimentary rock.</edomvd><edomvds>Coleman, J. L.</edomvds></edom><edom><edomv>Oceanic</edomv><edomvd>An oceanic basin is formed entirely on oceanic crust and is independent of the cratons, which are those parts of a tectonic plate that are dominated by continental masses characteristically composed of ancient crystalline basement rock covered by younger sedimentary rock.</edomvd><edomvds>Coleman, J. L.</edomvds></edom></attrdomv><attrdefs>Coleman, J. L.</attrdefs><atprecis Sync="TRUE">0</atprecis><attscale Sync="TRUE">0</attscale></attr><attr><attrlabl Sync="TRUE">Era</attrlabl><attalias Sync="TRUE">Era</attalias><attrtype Sync="TRUE">String</attrtype><attwidth Sync="TRUE">14</attwidth><attrdomv><edom><edomv>Cenozoic</edomv><edomvd>The upper erathem of the Phanerozoic Eonothem of the Standard Global Chronostratigraphic Scale, the Cenozoic Era covers the time span between 65 Ma and the present.  It is characterized paleontologically by the evolution and abundance of mammals and angiosperm plants.</edomvd><edomvds>Glossary of Geology. 2010. American Geological Institute.
http://glossary.agiweb.org/dbtw-wpd/exec/dbtwpub.dll?AC=NEXT_BLOCK&amp;XC=/dbtw-wpd/exec/dbtwpub.dll&amp;BU=http://glossary.agiweb.org/dbtw-wpd/glossary/search.aspx&amp;TN=glossary_web&amp;SN=AUTO9239&amp;SE=1092&amp;RN=0&amp;MR=10&amp;TR=0&amp;TX=1000&amp;ES=0&amp;CS=1&amp;XP=&amp;RF=results&amp;EF=&amp;DF=full&amp;RL=0&amp;EL=0&amp;DL=0&amp;NP=255&amp;ID=&amp;MF=&amp;MQ=&amp;TI=0&amp;DT=&amp;ST=0&amp;IR=0&amp;NR=0&amp;NB=0&amp;SV=0&amp;SS=0&amp;BG=&amp;FG=&amp;QS=&amp;OEX=ISO-8859-1&amp;OEH=ISO-8859-1</edomvds></edom><edom><edomv>Mesozoic</edomv><edomvd>The middle era of the Phanerozoic Eonothem of the Standard Global Chronostratigraphic Scale, above the Paleozoic and below the Cenozoic, covering the time span between 250 and 65 Ma.</edomvd><edomvds>Glossary of Geology. 2010. American Geological Institute.
http://glossary.agiweb.org/dbtw-wpd/exec/dbtwpub.dll</edomvds></edom><edom><edomv>Paleozoic</edomv><edomvd>The lowest erathem of the Phanerozoic Eonothem of the Standard Global Chronostratigraphic Scale, above the Precambrian and below the Mesozoic, which covers the time span between 540 and 250 Ma.</edomvd><edomvds>Glossary of Geology. 2010. American Geological Institute.
http://glossary.agiweb.org/dbtw-wpd/exec/dbtwpub.dll?ac=qbe_query&amp;bu=http://glossary.agiweb.org/dbtw-wpd/glossary/search.htm&amp;tn=glossary_web&amp;qy=ID%20ct%2030515&amp;mr=10&amp;np=255&amp;rf=results</edomvds></edom><edom><edomv>Neoproterozoic</edomv><edomvd>An era of the Standard Global Geochronometric Scale: the youngest era of the Proterozoic Eon, covering the time span between 1,000 Ma, the end of the Mesoproterozoic Era, and 540 Ma, the age of the base of the Paleozoic Era</edomvd><edomvds>Glossary of Geology. 2010. American Geological Institute. http://glossary.agiweb.org/dbtw-wpd/exec/dbtwpub.dll</edomvds></edom></attrdomv><attrdef>Geologic era, the period of geologic time which is a subdivision of an eon, indicate the range of time when most of the basin forming and sediment accumulation took place.  Nearly all of the basins have a history that transcends more than one geologic era.</attrdef><atprecis Sync="TRUE">0</atprecis><attscale Sync="TRUE">0</attscale></attr><attr><attrlabl Sync="TRUE">Source</attrlabl><attalias Sync="TRUE">Source</attalias><attrtype Sync="TRUE">String</attrtype><attwidth Sync="TRUE">140</attwidth><attrdef>Publication of literature from which the data to create polygons of each sedimentary basin were taken</attrdef><atprecis Sync="TRUE">0</atprecis><attscale Sync="TRUE">0</attscale></attr><attr><attrlabl Sync="TRUE">Source_Scl</attrlabl><attalias Sync="TRUE">Source_Scl</attalias><attrtype Sync="TRUE">String</attrtype><attwidth Sync="TRUE">25</attwidth><attrdef>Scale of map in publication from which basins were digitized.  Users should be aware of scales when examining polygons in detail, as different source scales indicate how accurate basin boundaries are drawn.  The polygons are meant to be used as reference or reconnaissance, and therefore it is recommended that they should not be used for large-scale, detailed anaylsis. The scale ratio which is smaller is used as the source scale for basins that have more than one source listed. </attrdef><attrdefs>Cahan, S. M.</attrdefs><atprecis Sync="TRUE">0</atprecis><attscale Sync="TRUE">0</attscale></attr><attr><attrlabl Sync="TRUE">BasinType</attrlabl><attalias Sync="TRUE">BasinType</attalias><attrtype Sync="TRUE">String</attrtype><attwidth Sync="TRUE">58</attwidth><attrdef>Type of sedimentary basin determined by depositional factors</attrdef><attrdomv><edom><edomv>Rift &amp; Transtensional (incl. Intracratonic Aulocogens)</edomv><edomvd>Rift basins are those that form within continental masses as a result primarily of extensional forces, resulting in a fault bounded basin.  Typically one of the basin-bounding faults has more offset than the other.  Because pure orthogonal extension is relatively rare, most rift basins have some component of transcurrent or strike-slip faulting.  Those basins with a substantial amount of strike-slip, but net extensional faulting are termed transtensional basins.  If rifting progresses long enough, proto-oceanic basins may form.  Aulocogens are those rift basins that form as the failed arm of a triple junction.  As the oceanic rifting leaves the failed arm behind, its inherent structural weakness may permit renewed rifting throughout its history.  All three of these basins are elongated and may have very thick sedimentary accumulations.  Modern examples of intracratonic rift and transtensional basins are those that form along the East Africa and the Rio Grande Rifts.  The Reelfoot Rift and Anadarko Basin are considered examples of aulocogen basins.</edomvd><edomvds>Coleman, J. L.</edomvds></edom><edom><edomv>Sag</edomv><edomvd>Sag basins are those basins that form within continental masses, probably as result of asthenospheric downwelling.  They are rarely fault-bounded, but may contain internal strike-slip faulting.  Sag basins are commonly circular to oval in shape and may have multiple histories of basin subsidence.  They may be large and thick or small and thin.  They may form over older basins and inherit only some of the previously existing structural grain.  Many intracratonic sag basins are Paleozoic in age.</edomvd><edomvds>Coleman, J. L.</edomvds></edom><edom><edomv>Passive Margin (incl. deltaic)</edomv><edomvd>Passive margin basins are those basins which form on the margins of continents that are not active tectonic or fault-bounded margins.  In this study, they are restricted to those passive margin basins which form over continental and transitional oceanic crust.  They are typically very large and may have substantial thickness of sedimentary rock.  Because the basin typically opens into oceanic areas away from continental crust, the thickest passive margin basins are built over mobile substrates such as massive salt or shale intervals that deform plastically and permit sedimentary intervals to slight slowly towards the open ocean.  Where continental drainage delivers siliclastic sediment to the shoreline, thick, deltaic accumulations can develop, further accentuating sediment loading and basin slippage oceanward.</edomvd><edomvds>Coleman, J. L.</edomvds></edom><edom><edomv>Foreland &amp; Thrust Belt</edomv><edomvd>Foreland basins are those basins which form adjacent to thrust belts and fault-bounded uplifts.  Two types of foreland basins are included in this category: (1) foreland basins that form adjacent to decollement fault thrust and fold belts, and (2) foreland basins that form adjacent to germanotype anticlinal uplifts.  Where sedimentary rocks are involved in the thrust faulting, they are included in the basin proper, as they are correlative to those undeformed rocks within the basin.  Foreland basins adjacent to decollement thrust and fold belts are typically elongated and parallel to the structural grain of the orogenic belt.  Foreland basins adjacent to germanotype anticlinal uplifts are typically elliptical.  Both types may have very thick accumulations of sedimentary rocks.</edomvd><edomvds>Coleman, J. L.</edomvds></edom><edom><edomv>Borderland</edomv><edomvd>Borderland basins are those basins which form along the margins of a continent as a result of transtensional and transpressional faulting associated with the oblique collision of tectonic plates.  They form at major bends along the collisional boundary.  The combination of basin forming (transtensional faulting) and mountain forming (transpressional faulting) produces relatively small basins and uplifts along the plate boundary.</edomvd><edomvds>Coleman, J. L.</edomvds></edom><edom><edomv>Transtensional/Transpressional</edomv><edomvd>Transtensional/transpressional basins are those basins which form at the margins of continents, typically along plate tectonic boundaries.  Basins form along releasing bends and may be completely surrounded by faults.  Classic examples of this type of basin are the basins which formed along the Dead Sea Rift Zone.</edomvd><edomvds>Coleman, J. L.</edomvds></edom><edom><edomv>Accreted Back-arc</edomv><edomvd>Accreted back-arc basins are those basins which are hypothesized to form as a result of trench roll-back in that area landward of the volcanic chain on the other side from the subduction zone and then accreted onto the continental margin.  These basins are typically very long and very narrow.</edomvd><edomvds>Coleman, J. L.</edomvds></edom><edom><edomv>Accreted Fore-arc</edomv><edomvd>Accreted fore-arc basins are those basins which form between the subduction zone and an associated volcanic arc, and then accreted onto the continental margin.  They may be deformed by faulting associated with the subduction zone.  These basins are typically very long and narrow.  A classic example of this type of basin is the Great Valley of California.</edomvd><edomvds>Coleman, J. L.</edomvds></edom><edom><edomv>Fore-arc</edomv><edomvd>Fore-arc basins are those basins which form between the subduction zone and an associated volcanic arc.  They may be deformed by faulting associated with the subduction zone.  These basins are typically very long and narrow.</edomvd><edomvds>Coleman, J. L.</edomvds></edom></attrdomv><attrdefs>Coleman, J. L.</attrdefs><atprecis Sync="TRUE">0</atprecis><attscale Sync="TRUE">0</attscale></attr><attr><attrlabl Sync="TRUE">Basin_Num</attrlabl><attalias Sync="TRUE">Basin_Num</attalias><attrtype Sync="TRUE">SmallInteger</attrtype><attwidth Sync="TRUE">4</attwidth><attrdef>Number given to each basin for identification prurposes when viewing on figures.  Numbers coorespond with each basin's rank among all basins in area, with basin number one having the smallest area and basin number 144 having the largest.</attrdef><attrdefs>Coleman, J. L.</attrdefs><attrdomv><udom>Coordinates defining the features.</udom></attrdomv><atprecis Sync="TRUE">4</atprecis><attscale Sync="TRUE">0</attscale></attr></detailed></eainfo><mdDateSt Sync="TRUE">20121031</mdDateSt><dataqual><complete>Any gaps in the data would be most common in incomplete data sets for Paleozoic and Neoproterozoic basins.  Additionally, the basin borders were selected by structural closure rather than stratigraphic thickness.  Depending on the user's concept of basins and basin forming mechanisms, this may cause misunderstandings as to the extent of any of the basins.</complete><lineage><srcinfo><srccite><citeinfo><title>Tectonic Map of the United States exclusive of Alaska and Hawaii: U.S. Geological Survey and the American Association of Petroleum Geologists</title><origin>Cohee, G. V.</origin><origin>Applin, P. L.</origin><origin>Bass, N. W.</origin><origin>Bell, A. H. </origin><origin>Billings, M. P.</origin><origin>DeFord, R. K.</origin><origin>Dobbin, C. E.</origin><origin>Donnell, J. R.</origin><origin>Forrester, J. D.</origin><origin>Gilluly, J.</origin><origin>Hoots, H. W. </origin><origin>King, P. B.</origin><origin>Longwell, C. R. </origin><origin>Lyons, P. L.</origin><origin>Murray, G. E. </origin><origin>Waters, A. C.</origin><pubdate>1962</pubdate><pubtime>Unknown</pubtime><geoform>map</geoform><pubinfo><pubplace>Washington, D.C. and Tulsa, OK</pubplace></pubinfo><othercit>2 sheets, scale 1:2,500,000</othercit></citeinfo></srccite><srcscale>2,500,000</srcscale><typesrc>paper</typesrc><srctime><timeinfo><sngdate><caldate>unknown</caldate><time>unknown</time></sngdate></timeinfo><srccurr>publication date</srccurr></srctime><srccitea>Cohee, G. V. and others, 1962</srccitea><srccontr>geometry and attributes</srccontr></srcinfo><srcinfo><srccite><citeinfo><title>Map of Sedimentary basins in the conterminous United States: U.S. Geological Survey Oil and Gas Investigations Map OM-223</title><origin>Frezon, S. E.</origin><origin>Finn, T. M. </origin><pubdate>Unknown</pubdate><pubtime>Unknown</pubtime><geoform>map</geoform><othercit>1 sheet, scale 1:5,000,000</othercit></citeinfo></srccite><srcscale>5,000,000</srcscale><typesrc>paper</typesrc><srccitea>Frezon and Finn</srccitea><srccontr>geometry and attributes</srccontr><srctime><timeinfo><sngdate><caldate>unknown</caldate><time>unknown</time></sngdate></timeinfo><srccurr>publication date</srccurr></srctime></srcinfo><srcinfo><srccite><citeinfo><origin>Benson, R. N.</origin><pubdate>1992</pubdate><pubtime>Unknown</pubtime><title>Map of exposed and buried early Mesozoic rift basins/synrift rocks of the U.S. Middle Atlantic continental margin</title><geoform>map</geoform><serinfo><sername>Delaware Geological Survey Miscellaneous Map Series 5</sername></serinfo><othercit>1 sheet, scale 1:1,000,000</othercit></citeinfo></srccite><srcscale>1,000,000</srcscale><typesrc>paper</typesrc><srctime><timeinfo><sngdate><caldate>unknown</caldate><time>unknown</time></sngdate></timeinfo><srccurr>publication date</srccurr></srctime><srccitea>Benson, R. N., 1992</srccitea><srccontr>geometry and attributes</srccontr></srcinfo><srcinfo><srccite><citeinfo><origin>Blakey, R. C. </origin><pubdate>2008</pubdate><pubtime>Unknown</pubtime><title>The sedimentary basins of the United States and Canada</title><geoform>map</geoform><pubinfo><pubplace>Elsevier, Amsterdam</pubplace></pubinfo><othercit>taken from chapter: "Pennsylvanian - Jurassic sedimentary basins of the Colorado Plateau and southern Rocky Mountains", pages 245-296</othercit></citeinfo></srccite><typesrc>paper</typesrc><srctime><timeinfo><sngdate><caldate>unknown</caldate><time>unknown</time></sngdate></timeinfo><srccurr>publication date</srccurr></srctime><srccitea>Blakey, R. C., 2008</srccitea><srccontr>geometry and attributes</srccontr></srcinfo><srcinfo><srccite><citeinfo><origin>Burchfiel, B. C.</origin><origin>Lipman, P. W.</origin><origin>Zoback, M. L.</origin><pubdate>1992</pubdate><pubtime>Unknown</pubtime><title>The Cordilleran orogen: conterminous U.S.: The Geology of North America</title><geoform>map</geoform><serinfo><issue>v. G-3</issue></serinfo><pubinfo><pubplace>Boulder, CO</pubplace><publish>Geological Society of America</publish></pubinfo><othercit>taken from page 724</othercit></citeinfo></srccite><typesrc>paper</typesrc><srctime><timeinfo><sngdate><caldate>unknown</caldate><time>unknown</time></sngdate></timeinfo><srccurr>publication date</srccurr></srctime><srccitea>Burchfiel, B. C. and others, 1992</srccitea><srccontr>geometry and attributes</srccontr></srcinfo><srcinfo><srccite><citeinfo><origin>Bureau of Ocean Energy Management, Regulation and Enforcement (BOEMRE)</origin><pubdate>Unknown</pubdate><pubtime>Unknown</pubtime><title>Atlantic Information</title><edition>2010b</edition><geoform>map</geoform><onlink>http://www.boemre.gov/offshore/atlantic.htm</onlink></citeinfo></srccite><typesrc>online</typesrc><srctime><timeinfo><sngdate><caldate>unknown</caldate><time>unknown</time></sngdate></timeinfo><srccurr>publication date</srccurr></srctime><srccitea>BOEMRE, 2010b</srccitea><srccontr>geometry and attributes</srccontr></srcinfo><srcinfo><srccite><citeinfo><origin>Bureau of Ocean Energy Management, Regulation and Enforcement (BOEMRE)</origin><pubdate>Unknown</pubdate><pubtime>Unknown</pubtime><title>Gulf of Mexico OCS Region</title><edition>2010c</edition><geoform>map</geoform><onlink>http://www.gomr.boemre.gov/</onlink></citeinfo></srccite><typesrc>online</typesrc><srctime><timeinfo><sngdate><caldate>unknown</caldate><time>unknown</time></sngdate></timeinfo><srccurr>publication date</srccurr></srctime><srccitea>BOEMRE, 2010c</srccitea><srccontr>geometry and attributes</srccontr></srcinfo><srcinfo><srccite><citeinfo><origin>Bureau of Ocean Energy Management, Regulation and Enforcement (BOEMRE)</origin><pubdate>Unknown</pubdate><pubtime>Unknown</pubtime><title>Pacific OCS Region</title><edition>2010d</edition><geoform>map</geoform><onlink>http://www.boemre.gov/omm/pacific</onlink></citeinfo></srccite><typesrc>online</typesrc><srctime><timeinfo><sngdate><caldate>unknown</caldate><time>unknown</time></sngdate></timeinfo><srccurr>publication date</srccurr></srctime><srccitea>BOEMRE, 2010d</srccitea><srccontr>geometry and attributes</srccontr></srcinfo><srcinfo><srccite><citeinfo><origin>California Department of Conservation</origin><pubdate>2001</pubdate><pubtime>Unknown</pubtime><title>Oil, gas, and geothermal fields in California</title><geoform>map</geoform><pubinfo><pubplace>Sacramento, CA</pubplace></pubinfo><othercit>map S-1, 1 sheet, scale 1:500,000</othercit><onlink>ftp://ftp.consrv.ca.gov/pub/oil/maps/Map_S-1.pdf</onlink></citeinfo></srccite><srcscale>500,000</srcscale><typesrc>online</typesrc><srctime><timeinfo><sngdate><caldate>unknown</caldate><time>unknown</time></sngdate></timeinfo><srccurr>publication date</srccurr></srctime><srccitea>California DOC, 2001</srccitea><srccontr>geometry and attributes</srccontr></srcinfo><srcinfo><srccite><citeinfo><origin>Coleman, J. L., Jr.</origin><origin>Groshong, R. H., Jr.</origin><origin>Rheams, K. F. </origin><origin>Neathery, T. L.</origin><origin>Rheams, L. J.</origin><pubdate>1988</pubdate><pubtime>Unknown</pubtime><title>Structure of the Wills Valley anticline - Lookout Mountain syncline between the Rising Fawn and Anniston CSD's, northeast Alabama</title><edition>Alabama Geological Society 25th annual field trip guidebook, November 18-19</edition><geoform>map</geoform><othercit>taken from chapter "The geology of the Rising Fawn CSD" by Coleman, J. L., p. 12-40</othercit></citeinfo></srccite><typesrc>paper</typesrc><srctime><timeinfo><sngdate><caldate>unknown</caldate><time>unknown</time></sngdate></timeinfo><srccurr>publication date</srccurr></srctime><srccitea>Coleman, J. L. and others, 1988</srccitea><srccontr>geometry and attributes</srccontr></srcinfo><srcinfo><srccite><citeinfo><origin>Coleman, J. L., Jr.</origin><pubdate>2009</pubdate><pubtime>Unknown</pubtime><title>U.S. Geological Survey, Natural gas assessment of the Arkoma Basin, Ouachita thrust belt, and Reelfoot Rift.</title><geoform>multimedia presentation</geoform><pubinfo><publish>Oklahoma Geological Survey</publish></pubinfo><othercit>taken from "Review of Geology for a USGS Resource Assessment of Ouachita Thrust Belt, Post-Ouachita Successor Basins and Reelfoot Rift"</othercit><onlink>http://www.ogs.ou.edu/MEETINGS/Presentations/USGS%20Arkoma%20Nov%2009/USGS4_OuachitasReel.pdf</onlink></citeinfo></srccite><typesrc>online</typesrc><srctime><timeinfo><sngdate><caldate>unknown</caldate><time>unknown</time></sngdate></timeinfo><srccurr>publication date</srccurr></srctime><srccitea>Coleman, J. L., Jr., 2009</srccitea><srccontr>geometry and attributes</srccontr></srcinfo><srcinfo><srccite><citeinfo><origin>Dickinson, W. R.</origin><pubdate>2006</pubdate><pubtime>Unknown</pubtime><title>Geotectonic evolution of the Great Basin</title><geoform>map</geoform><serinfo><sername>Geosphere</sername><issue>V. 2</issue></serinfo><othercit>p. 353-368</othercit></citeinfo></srccite><typesrc>paper</typesrc><srctime><timeinfo><sngdate><caldate>unknown</caldate><time>unknown</time></sngdate></timeinfo><srccurr>publication date</srccurr></srctime><srccitea>Dickinson, W. R., 2006</srccitea><srccontr>geometry and attributes</srccontr></srcinfo><srcinfo><srccite><citeinfo><origin>Dickinson, W. R.</origin><origin>Gehrels, G. E.</origin><pubdate>2008</pubdate><pubtime>Unknown</pubtime><title>U-Pb ages of detrital zircons in relation to paleogeography: Triassic paleodrainage networks and sediment dispersal across southwest Laurentia</title><geoform>document</geoform><serinfo><sername>Journal of Sedimentary Research</sername><issue>V. 78</issue></serinfo><othercit>taken from p. 745-764</othercit></citeinfo></srccite><typesrc>paper</typesrc><srctime><timeinfo><sngdate><caldate>unknown</caldate><time>unknown</time></sngdate></timeinfo><srccurr>publication date</srccurr></srctime><srccitea>Dickinson and Gehrels, 2008</srccitea><srccontr>geometry and attributes</srccontr></srcinfo><srcinfo><srccite><citeinfo><origin>Dyman, T. S.</origin><origin>Condon, S. M.</origin><pubdate>2007</pubdate><pubtime>Unknown</pubtime><title>2005 geologic assessment of undiscovered oil and gas resources, Hanna, Laramie, and Shirley basins province, Wyoming and Colorado</title><geoform>document</geoform><serinfo><sername>U.S. Geological Survey Digital Data Series</sername><issue>DDS-69-K</issue></serinfo><othercit>taken from chapter 2, p. 62</othercit><onlink>http://pubs.usgs.gov/dds/dds-069/dds-069-k/REPORTS/69_K_CH_2.pdf</onlink></citeinfo></srccite><typesrc>online</typesrc><srctime><timeinfo><sngdate><caldate>unknown</caldate><time>unknown</time></sngdate></timeinfo><srccurr>publication date</srccurr></srctime><srccitea>Dyman and Condon, 2007</srccitea><srccontr>geometry and attributes</srccontr></srcinfo><srcinfo><srccite><citeinfo><origin>Ewing, T. E.</origin><origin>Flores Lopez, R.</origin><pubdate>1991</pubdate><pubtime>Unknown</pubtime><title>The Gulf of Mexico basin</title><geoform>map</geoform><serinfo><sername>The Geology of North America</sername><issue>V. J</issue></serinfo><pubinfo><pubplace>Boulder, CO</pubplace><publish>Geological Society of America</publish></pubinfo><othercit>taken from chapter "Principal structural features Gulf of Mexico basin"</othercit></citeinfo></srccite><srcscale>2,500,000</srcscale><typesrc>paper</typesrc><srctime><timeinfo><sngdate><caldate>unknown</caldate><time>unknown</time></sngdate></timeinfo><srccurr>publication date</srccurr></srctime><srccitea>Ewing and Flores Lopez, 1991</srccitea><srccontr>geometry and attributes</srccontr></srcinfo><srcinfo><srccite><citeinfo><origin>Ingersoll, R. V.</origin><pubdate>2008</pubdate><pubtime>Unknown</pubtime><title>The sedimentary basins of the United States and Canada</title><geoform>document</geoform><pubinfo><pubplace>Elsevier, Amsterdam</pubplace></pubinfo><othercit>taken from "Subduction-related sedimentary basins of the USA Cordillera", p.395-428</othercit></citeinfo></srccite><typesrc>paper</typesrc><srctime><timeinfo><sngdate><caldate>unknown</caldate><time>unknown</time></sngdate></timeinfo><srccurr>publication date</srccurr></srctime><srccitea>Ingersoll, R. V., 2008</srccitea><srccontr>geometry and attributes</srccontr></srcinfo><srcinfo><srccite><citeinfo><origin>Kansas Geological Survey</origin><pubdate>2005</pubdate><pubtime>Unknown</pubtime><title>The stratigraphy and structural development of the Forest City Basin in Kansas - Introduction</title><geoform>document</geoform><onlink>http://www.kgs.ku.edu/Publications/Bulletins/51/02_intro.html</onlink></citeinfo></srccite><typesrc>online</typesrc><srctime><timeinfo><sngdate><caldate>unknown</caldate><time>unknown</time></sngdate></timeinfo><srccurr>publication date</srccurr></srctime><srccitea>Kansas GS, 2005</srccitea><srccontr>geometry and attributes</srccontr></srcinfo><srcinfo><srccite><citeinfo><origin>King, P.B.</origin><origin>Beikman, H. M.</origin><pubdate>1974</pubdate><pubtime>Unknown</pubtime><title>Geologic Map of the United States</title><geoform>map</geoform><pubinfo><pubplace>Washington, D.C.</pubplace><publish>U.S. Geological Survey</publish></pubinfo><othercit>1 sheet, scale 1:2,500,000</othercit></citeinfo></srccite><srcscale>2,500,000</srcscale><typesrc>paper</typesrc><srctime><timeinfo><sngdate><caldate>unknown</caldate><time>unknown</time></sngdate></timeinfo><srccurr>publication date</srccurr></srctime><srccitea>King and Beikman, 1974</srccitea><srccontr>geometry and attributes</srccontr></srcinfo><srcinfo><srccite><citeinfo><origin>Li, Z.</origin><origin>Peters, S. G.</origin><pubdate>1998</pubdate><pubtime>Unknown</pubtime><title>Comparative Geology and Geochemistry of Sedimentary-Rock-Hosted (Carlin-Type) Gold Deposits in the People's Republic of China and in Nevada, USA</title><geoform>document</geoform><serinfo><sername>USGS Open-File Report</sername><issue>98-466</issue></serinfo><othercit>taken from p. 160</othercit></citeinfo></srccite><typesrc>paper</typesrc><srctime><timeinfo><sngdate><caldate>unknown</caldate><time>unknown</time></sngdate></timeinfo><srccurr>publication date</srccurr></srctime><srccitea>Li and Peters, 1998</srccitea><srccontr>geometry and attributes</srccontr></srcinfo><srcinfo><srccite><citeinfo><origin>McKeown, F. A.</origin><origin>Hamilton, R. M.</origin><origin>Diehl, S. F.</origin><origin>Glick, E. E.</origin><pubdate>1990</pubdate><pubtime>Unknown</pubtime><title>Diapiric origin of the Blytheville and Pascola arches in the Reelfoot rift, east-central United States: relation to New Madrid seismicity</title><geoform>document</geoform><serinfo><sername>Geology</sername><issue>v. 18</issue></serinfo><othercit>taken from p. 1158-1162</othercit></citeinfo></srccite><typesrc>paper</typesrc><srctime><timeinfo><sngdate><caldate>unknown</caldate><time>unknown</time></sngdate></timeinfo><srccurr>publication date</srccurr></srctime><srccitea>McKeown, F. A. and others, 1990</srccitea><srccontr>geometry and attributes</srccontr></srcinfo><srcinfo><srccite><citeinfo><origin>Miall, A. D., ed.</origin><pubdate>2008</pubdate><pubtime>Unknown</pubtime><title>The sedimentary basins of the United States and Canada</title><geoform>document</geoform><pubinfo><pubplace>Elsevier, Amsterdam</pubplace></pubinfo><othercit>610 p.</othercit></citeinfo></srccite><typesrc>paper</typesrc><srctime><timeinfo><sngdate><caldate>unknown</caldate><time>unknown</time></sngdate></timeinfo><srccurr>publication date</srccurr></srctime><srccitea>Miall, A. D., 2008</srccitea><srccontr>geometry and attributes</srccontr></srcinfo><srcinfo><srccite><citeinfo><origin>Miall, A. D., ed.</origin><origin>Blakey, R. C.</origin><pubdate>2008</pubdate><pubtime>Unknown</pubtime><title>The sedimentary basins of the United States and Canada</title><geoform>document</geoform><pubinfo><pubplace>Elsevier, Amsterdam</pubplace></pubinfo><othercit>taken from chapter "The Phanerozoic tectonic and sedimentary evolution of North America", p. 1-29</othercit></citeinfo></srccite><typesrc>paper</typesrc><srctime><timeinfo><sngdate><caldate>unknown</caldate><time>unknown</time></sngdate></timeinfo><srccurr>publication date</srccurr></srctime><srccitea>Miall and Blakey, 2008</srccitea><srccontr>geometry and attributes</srccontr></srcinfo><srcinfo><srccite><citeinfo><origin>National Park Service</origin><title>Natural Bridges National Monument geologic history</title><pubdate>2007</pubdate><pubtime>Unknown</pubtime><geoform>document</geoform><onlink>http://www.nature.nps.gov/geology/parks/nabr/geol_history.cfm</onlink></citeinfo></srccite><typesrc>online</typesrc><srccitea>NPS, 2007</srccitea><srccontr>geometry and attributes</srccontr><srctime><timeinfo><sngdate><caldate>unknown</caldate><time>unknown</time></sngdate></timeinfo><srccurr>publication date</srccurr></srctime></srcinfo><srcinfo><srccite><citeinfo><origin>Nuccio, V. F.</origin><origin>Condon, S. M.</origin><origin>Huffman, A. C., Jr., proj. coord.</origin><pubdate>1996</pubdate><pubtime>Unknown</pubtime><title>Evolution of sedimentary basins - Paradox Basin</title><geoform>document</geoform><serinfo><sername>U.S. Geological Survey Bulletin</sername><issue>2000-O</issue></serinfo><othercit>taken from chapter "Burial and thermal history of the Paradox Basin, Utah and Colorado, and petroleum potential of the Middle Pennsylvanian Paradox Formation" p. 01-041</othercit></citeinfo></srccite><typesrc>paper</typesrc><srctime><timeinfo><sngdate><caldate>unknown</caldate><time>unknown</time></sngdate></timeinfo><srccurr>publication date</srccurr></srctime><srccitea>Nuccio and Condon, 1996</srccitea><srccontr>geometry and attributes</srccontr></srcinfo><srcinfo><srccite><citeinfo><origin>Ojakangas, R. W.</origin><origin>Morey, G. B.</origin><origin>Green, J. C.</origin><pubdate>2001</pubdate><pubtime>Unknown</pubtime><title>The Mesoproterozoic midcontinent rift system, Lake Superior region, USA</title><geoform>document</geoform><serinfo><sername>Sedimentary geology</sername><issue>v. 141-142</issue></serinfo><othercit>taken from p. 421-442</othercit></citeinfo></srccite><typesrc>paper</typesrc><srctime><timeinfo><sngdate><caldate>unknown</caldate><time>unknown</time></sngdate></timeinfo><srccurr>publication date</srccurr></srctime><srccitea>Ojakangas, R. W. and others, 2001</srccitea><srccontr>geometry and attributes</srccontr></srcinfo><srcinfo><srccite><citeinfo><origin>Palacas, J. G.</origin><pubdate>1997</pubdate><pubtime>Unknown</pubtime><title>Source-rock potential of Precambrian rocks in selected basins of the United States</title><geoform>document</geoform><serinfo><sername>U.S. Geological Survey Bulletin</sername><issue>2146-J</issue></serinfo><othercit>taken from p. 125-134</othercit></citeinfo></srccite><typesrc>paper</typesrc><srctime><timeinfo><sngdate><caldate>unknown</caldate><time>unknown</time></sngdate></timeinfo><srccurr>publication date</srccurr></srctime><srccitea>Palacas, J. G., 1997</srccitea><srccontr>geometry and attributes</srccontr></srcinfo><srcinfo><srccite><citeinfo><origin>Pollastro, R. M.</origin><origin>Schenk, C. J.</origin><origin>Charpentier, R. R.</origin><pubdate>2001</pubdate><pubtime>Unknown</pubtime><title>Assessment of undiscovered oil and gas in the onshore and state waters portion of the South Florida basin, Florida - USGS Province 50</title><geoform>document</geoform><serinfo><sername>U.S. Geological Survey Digital Data Series</sername><issue>69-A</issue></serinfo><othercit>71 p.</othercit></citeinfo></srccite><typesrc>paper</typesrc><srctime><timeinfo><sngdate><caldate>unknown</caldate><time>unknown</time></sngdate></timeinfo><srccurr>publication date</srccurr></srctime><srccitea>Pollastro, R. M. and others, 2001</srccitea><srccontr>geometry and attributes</srccontr></srcinfo><srcinfo><srccite><citeinfo><origin>Reed, J. C., Jr.</origin><origin>Bickford, M. E.</origin><origin>Houston, R. S. </origin><origin>Link, P. K.</origin><origin>Rankin, D. W.</origin><origin>Sims, P. K.</origin><origin>Van Schmus, W. R.</origin><pubdate>1993</pubdate><pubtime>Unknown</pubtime><title>Precambrian: conterminous U.S.</title><geoform>document</geoform><serinfo><sername>The Geology of North America</sername><issue>v. C-2</issue></serinfo><pubinfo><pubplace>Boulder, CO</pubplace><publish>Geological Society of America</publish></pubinfo><othercit>657 p.</othercit></citeinfo></srccite><typesrc>paper</typesrc><srctime><timeinfo><sngdate><caldate>unknown</caldate><time>unknown</time></sngdate></timeinfo><srccurr>publication date</srccurr></srctime><srccitea>Reed, J. C., Jr. and others, 1993</srccitea><srccontr>geometry and attributes</srccontr></srcinfo><srcinfo><srccite><citeinfo><origin>Ryder, R. T.</origin><origin>Harris, D. C.</origin><origin>Gerome, P.</origin><origin>Hainsworth, T. J.</origin><origin>Burruss, R. C.</origin><origin>Lillis, P. G.</origin><origin>Jarvie, D. M.</origin><origin>Pawlewicz, M. J.</origin><pubdate>2005</pubdate><pubtime>Unknown</pubtime><title>Evidence for Cambrian petroleum source rocks in the Rome Trough of West Virginia and Kentucky, Appalachian Basin</title><geoform>document</geoform><serinfo><sername>U.S. Geological Survey Open-File Report</sername><issue>05, 1443</issue></serinfo><othercit>49 p.</othercit></citeinfo></srccite><typesrc>paper</typesrc><srctime><timeinfo><sngdate><caldate>unknown</caldate><time>unknown</time></sngdate></timeinfo><srccurr>publication date</srccurr></srctime><srccitea>Ryder, R. T. and others, 2005</srccitea><srccontr>geometry and attributes</srccontr></srcinfo><srcinfo><srccite><citeinfo><origin>Seeley, J. M.</origin><origin>Keller, G. R.</origin><pubdate>2003</pubdate><pubtime>Unknown</pubtime><title>Delineation of subsurface Proterozoic Unkar and Chuar Group sedimentary basins in northern Arizona using gravity and magnetic: implications for hydrocarbon source potential</title><geoform>document</geoform><serinfo><sername>American Association of Petroleum Geologists Bulletin</sername><issue>v. 87</issue></serinfo><othercit>taken from p. 1299-1321</othercit></citeinfo></srccite><typesrc>paper</typesrc><srctime><timeinfo><sngdate><caldate>unknown</caldate><time>unknown</time></sngdate></timeinfo><srccurr>publication date</srccurr></srctime><srccitea>Seeley and Keller, 2003</srccitea><srccontr>geometry and attributes</srccontr></srcinfo><srcinfo><srccite><citeinfo><origin>Seismic Exchange, Inc.</origin><pubdate>2003</pubdate><pubtime>Unknown</pubtime><title>USA Map - Major Geological Features and Producing Basins</title><geoform>map</geoform><onlink>http://www.seismicexchange.com/res/dwf/usbasin_SEI.dwf</onlink></citeinfo></srccite><typesrc>online</typesrc><srctime><timeinfo><sngdate><caldate>unknown</caldate><time>unknown</time></sngdate></timeinfo><srccurr>publication date</srccurr></srctime><srccitea>SEI, 2003</srccitea><srccontr>geometry and attributes</srccontr></srcinfo><srcinfo><srccite><citeinfo><origin>Hatcher, R. D., Jr.</origin><title>The Appalachian - Ouachita orogen in the United States</title><origin>Thomas, W. A. </origin><origin>Viele, G. W. </origin><pubdate>1989</pubdate><pubtime>Unknown</pubtime><geoform>map</geoform><serinfo><sername>The Geology of North America</sername><issue>v. F-2</issue></serinfo><pubinfo><pubplace>Boulder, CO</pubplace><publish>Geological Society of America</publish></pubinfo><othercit>taken from chapter "Pre-Mesozoic paleogeologic map of Appalachian - Ouachita orogen beneath Atlantic and Gulf Coastal Plains" compiled by Thomas, W. A., plate 6, 1 sheet</othercit></citeinfo></srccite><typesrc>paper</typesrc><srctime><timeinfo><sngdate><caldate>unknown</caldate><time>unknown</time></sngdate></timeinfo><srccurr>publication date</srccurr></srctime><srccitea>Hatcher, R. D., Jr. and others, 1989</srccitea><srccontr>geometry and attributes</srccontr></srcinfo><srcinfo><srccite><citeinfo><origin>Thomas, W. A.</origin><origin>Bayona, G.</origin><pubdate>2005</pubdate><pubtime>Unknown</pubtime><title>The Appalachian thrust belt in Alabama and Georgia: thrust-belt structure, basement structure, and palinspastic reconstruction</title><geoform>document</geoform><othercit>taken from "Geological Survey of Alabama Monograph 16", 48 p., 2 plates</othercit></citeinfo></srccite><typesrc>paper</typesrc><srctime><timeinfo><sngdate><caldate>unknown</caldate><time>unknown</time></sngdate></timeinfo><srccurr>publication date</srccurr></srctime><srccitea>Thomas and Bayona, 2005</srccitea><srccontr>geometry and attributes</srccontr></srcinfo><srcinfo><srccite><citeinfo><origin>Tully, J.</origin><pubdate>1996</pubdate><pubtime>Unknown</pubtime><title>Coal fields of the conterminous United States</title><geoform>document</geoform><serinfo><sername>U.S. Geological Survey  Open-File Report</sername><issue>96-92</issue></serinfo><onlink>http://pubs.usgs.gov/of/1996/of96-092/</onlink></citeinfo></srccite><typesrc>online</typesrc><srctime><timeinfo><sngdate><caldate>unknown</caldate><time>unknown</time></sngdate></timeinfo><srccurr>publication date</srccurr></srctime><srccitea>Tully, J., 1996</srccitea><srccontr>geometry and attributes</srccontr></srcinfo><srcinfo><srccite><citeinfo><origin>West Coast Regional Carbon Sequestration Partnership (WESTCARB)</origin><pubdate>2010</pubdate><pubtime>Unknown</pubtime><title>The West Coast Regional Carbon Sequestration Partnership Interactive Map</title><geoform>map</geoform><onlink>http://atlas.utah.gov/co2wc/viewer.htm?Title=ArcIMS%20HTML%20Viewer</onlink></citeinfo></srccite><typesrc>online</typesrc><srctime><timeinfo><sngdate><caldate>unknown</caldate><time>unknown</time></sngdate></timeinfo><srccurr>publication date</srccurr></srctime><srccitea>WESTCARB, 2010</srccitea><srccontr>geometry and attributes</srccontr></srcinfo><procstep><procdesc Sync="TRUE">Metadata imported.</procdesc><srcused Sync="TRUE">W:\CO2 SEQUESTRATION\Geologists\Cahan\Sed Basin Shapefiles\metadata.xml</srcused><procdate Sync="TRUE">20110317</procdate><proctime Sync="TRUE">16351600</proctime></procstep><srcinfo><srccitea>Berg and Plafker, 1994</srccitea><srccontr>geometry and attributes</srccontr><srccite><citeinfo><title>The Geology of Alaska</title><origin>Berg, H. D.</origin><origin>Plafker, G.</origin><pubdate>1994</pubdate><pubtime>Unknown</pubtime><geoform>map</geoform><serinfo><sername>The Geology of North America</sername><issue>v. G-1</issue></serinfo><pubinfo><pubplace>Boulder, CO</pubplace><publish>Geological Society of America</publish></pubinfo><othercit>taken from "Map showing sedimentary basins in Alaska" by Kirschner, C. E., plate 7, 1 sheet, scale 1:2,500,000</othercit><onlink>http://agdc.usgs.gov/data/usgs/geology</onlink></citeinfo></srccite><srcscale>2,500,000</srcscale><typesrc>paper</typesrc><srctime><timeinfo><sngdate><caldate>unknown</caldate><time>unknown</time></sngdate></timeinfo><srccurr>publication date</srccurr></srctime></srcinfo><srcinfo><srccite><citeinfo><origin>Beikman, H. M.</origin><pubdate>1980</pubdate><pubtime>Unknown</pubtime><title>Geologic Map of Alaska</title><geoform>map</geoform><pubinfo><pubplace>Anchorage, AK</pubplace><publish>U.S. Geological Survey</publish></pubinfo><othercit>taken from map SG0002-1T and 2T</othercit><onlink>http://agdc.usgs.gov/data/usgs/geology/</onlink></citeinfo></srccite><srcscale>2,500,000</srcscale><typesrc>paper</typesrc><srctime><timeinfo><sngdate><caldate>unknown</caldate><time>unknown</time></sngdate></timeinfo><srccurr>publication date</srccurr></srctime><srccitea>Beikman, H. M., 1980</srccitea><srccontr>geometry and attributes</srccontr></srcinfo><srcinfo><srccite><citeinfo><origin>Bureau of Ocean Energy Management, Regulation and Enforcement (BOEMRE)</origin><pubdate>2010</pubdate><pubtime>Unknown</pubtime><title>Alaska OCS Region</title><geoform>document</geoform><serinfo><issue>2010a</issue></serinfo><onlink>http://alaska.boemre.gov/</onlink></citeinfo></srccite><typesrc>online</typesrc><srctime><timeinfo><sngdate><caldate>unknown</caldate><time>unknown</time></sngdate></timeinfo><srccurr>publication date</srccurr></srctime><srccitea>BOEMRE, 2010</srccitea><srccontr>geometry and attributes</srccontr></srcinfo><srcinfo><srccite><citeinfo><origin>Grantz, A.</origin><origin>Scott, R. A.</origin><origin>Drachev, S. S.</origin><origin>Moore, T. E. </origin><origin>Howard, J. P.</origin><pubdate>2010</pubdate><pubtime>Unknown</pubtime><title>Map showing the sedimentary successions of the Arctic region that may be prospective for hydrocarbons</title><geoform>map</geoform><serinfo><sername>American Association of Petroleum Geologists, GIS-Linked Data/Atlases</sername></serinfo><othercit>scale 1:6,760,000, 86 p.</othercit><onlink>http://www.datapages.com/Services/GISUDRIL/OpenFiles.aspx</onlink></citeinfo></srccite><srcscale>6,760,000</srcscale><typesrc>paper</typesrc><srctime><timeinfo><sngdate><caldate>unknown</caldate><time>unknown</time></sngdate></timeinfo><srccurr>publication date</srccurr></srctime><srccitea>Grantz, A. and others, 2010</srccitea><srccontr>geometry and attributes</srccontr></srcinfo><srcinfo><srccite><citeinfo><origin>Troutman, S. M.</origin><origin>Stanley, R. G.</origin><pubdate>2002</pubdate><pubtime>Unknown</pubtime><title>Map and digital database of sedimentary basins and indications of petroleum in the Central Alaska Province</title><geoform>map</geoform><serinfo><sername>U. S. Geological Survey Open-File Report</sername><issue>02-483</issue></serinfo><othercit>1 sheet</othercit><onlink>http://geopubs.wr.usgs.gov/open-file/of02-483/</onlink></citeinfo></srccite><typesrc>paper</typesrc><srctime><timeinfo><sngdate><caldate>unknown</caldate><time>unknown</time></sngdate></timeinfo><srccurr>publication date</srccurr></srctime><srccitea>Troutman and Stanley, 2002</srccitea><srccontr>geometry and attributes</srccontr></srcinfo><srcinfo><srccite><citeinfo><origin>U. S. Geological Survey</origin><pubdate>1997</pubdate><title>Map showing sedimentary basins in Alaska</title><pubinfo><pubplace>Anchorage, AK</pubplace><publish>U. S. Geological Survey Alaska Geospatial Data Clearing House</publish></pubinfo><othercit>taken from polygon data from "Map showing sedimentary basins in Alaska", 1994</othercit><onlink>http://agdc.usgs.gov/data/usgs/geology/</onlink></citeinfo></srccite><typesrc>online</typesrc><srctime><timeinfo><sngdate><caldate>unknown</caldate><time>unknown</time></sngdate></timeinfo><srccurr>publication date</srccurr></srctime><srccitea>USGS, 1997</srccitea><srccontr>geometry and attributes</srccontr></srcinfo><srcinfo><srccite><citeinfo><origin>Worrall, D. M.</origin><pubdate>1991</pubdate><pubtime>Unknown</pubtime><title>Tectonic History of the Bering Sea and the Evolution of tertiary Strike-Slip Basins of the Bering Sea</title><geoform>document</geoform><serinfo><sername>Geological Society of America Special Paper</sername><issue>257</issue></serinfo><othercit>120 p.</othercit></citeinfo></srccite><typesrc>paper</typesrc><srctime><timeinfo><sngdate><caldate>unknown</caldate><time>unknown</time></sngdate></timeinfo><srccurr>publication date</srccurr></srctime><srccitea>Worrall, D. M., 1991</srccitea><srccontr>geometry and attributes</srccontr></srcinfo><srcinfo><srccite><citeinfo><origin>Winterer, E. L.</origin><origin>Hussong, D. M.</origin><origin>Decker, R. W.</origin><pubdate>1989</pubdate><pubtime>Unknown</pubtime><title>The eastern Pacific Ocean and Hawaii</title><serinfo><sername>The Geology of North America</sername><issue>v. N</issue></serinfo><pubinfo><pubplace>Geological Survey of America</pubplace></pubinfo><othercit>taken from "Sediment thickness map of the northeast Pacific" by Winterer, E. L., p. 307-310</othercit></citeinfo></srccite><typesrc>paper</typesrc><srctime><timeinfo><sngdate><caldate>unknown</caldate><time>unknown</time></sngdate></timeinfo><srccurr>publication date</srccurr></srctime><srccitea>Winterer, E. L. and others, 1989</srccitea><srccontr>geometry and attributes</srccontr></srcinfo><srcinfo><srccite><citeinfo><origin>Sherrod, D. R.</origin><origin>Sinton, J. M.</origin><origin>Watkins, S. E. </origin><origin>Brunt, K. M.</origin><pubdate>2007</pubdate><pubtime>Unknown</pubtime><title>Geologic Map of the State of Hawai'i</title><geoform>map</geoform><serinfo><sername>U.S. Geological Survey Open-File Report</sername><issue>2007-1089, v. 1.0</issue></serinfo><othercit>85 p., 8 plates</othercit><onlink>http://pubs.usgs.gov/of/2007/1089/</onlink></citeinfo></srccite><typesrc>paper</typesrc><srctime><timeinfo><sngdate><caldate>unknown</caldate><time>unknown</time></sngdate></timeinfo><srccurr>publication date</srccurr></srctime><srccitea>Sherrod, D. R. and others, 2007</srccitea><srccontr>geometry and attributes</srccontr></srcinfo><srcinfo><srccite><citeinfo><origin>Christiansen, R. L.</origin><origin>Yeats, R. S.</origin><pubdate>1992</pubdate><pubtime>Unknown</pubtime><title>Post-Laramide geology of the U.S. Cordilleran Region</title><geoform>document</geoform><serinfo><sername>The Geology of North America</sername><issue>v. G-3</issue></serinfo><pubinfo><pubplace>Boulder, CO</pubplace><publish>Geological Society of America</publish></pubinfo><othercit>taken from Burchfiel, B. C., Lipman, P.W., and Zoback, M.L.,eds., The Cordilleran Orogen: Conterminous U.S.</othercit></citeinfo></srccite><typesrc>paper</typesrc><srctime><timeinfo><sngdate><caldate>unknown</caldate><time>unknown</time></sngdate></timeinfo><srccurr>publication date</srccurr></srctime><srccitea>Christiansen and Yeats, 1992</srccitea><srccontr>geometry and attributes</srccontr></srcinfo><srcinfo><srccite><citeinfo><origin>Miller, E. L.</origin><origin>Miller, M. M.</origin><origin>Stevens, C. H.</origin><origin>Wright, J. E.</origin><origin>Madrid, R.</origin><pubdate>1992</pubdate><pubtime>Unknown</pubtime><title>Late Paleozoic paleogeographic and tectonic evolution of the western U.S. Cordillera</title><geoform>document</geoform><serinfo><sername>The Geology of North America</sername><issue>v. G-3</issue></serinfo><pubinfo><pubplace>Boulder, CO</pubplace><publish>Geological Society of America</publish></pubinfo><othercit>taken from Burchfiel, B. C., Lipman, P. W., and Zoback, M. L., eds., The Cordilleran Orogen: Conterminous U.S.</othercit></citeinfo></srccite><typesrc>paper</typesrc><srctime><timeinfo><sngdate><caldate>unknown</caldate><time>unknown</time></sngdate></timeinfo><srccurr>publication date</srccurr></srctime><srccitea>Miller, E. L. and others, 1992</srccitea><srccontr>geometry and attributes</srccontr></srcinfo><srcinfo><srccite><citeinfo><origin>Kirschner, C. E.</origin><pubdate>1994</pubdate><pubtime>Unknown</pubtime><title>Map showing sedimentary basins in Alaska</title><serinfo><sername>The Geology of America</sername><issue>v. G-1</issue></serinfo><pubinfo><pubplace>Boulder, CO</pubplace><publish>Geological Society of America</publish></pubinfo><othercit>plate 7, 1 sheet, scale 1:2,500,000, taken from Plafker, G. and Berg, H. D., eds., The Geology of Alaska, shapefiles available on line</othercit><onlink>http://agdc.usgs.gov/data/usgs/geology/</onlink></citeinfo></srccite><srcscale>2,500,000</srcscale><typesrc>paper</typesrc><srctime><timeinfo><sngdate><caldate>unknown</caldate><time>unknown</time></sngdate></timeinfo><srccurr>publication date</srccurr></srctime><srccitea>Kirschner, C. E., 1994</srccitea><srccontr>geometry and attributes</srccontr></srcinfo><srcinfo><srccite><citeinfo><origin>NOAA</origin><pubdate>2008</pubdate><pubtime>Unknown</pubtime><title>Download EEZ limits</title><geoform>vector digital data</geoform><onlink>http://www.nauticalcharts.noaa.gov/csdl/EEZ.htm</onlink></citeinfo></srccite><typesrc>online</typesrc><srctime><timeinfo><sngdate><caldate>unknown</caldate><time>unknown</time></sngdate></timeinfo><srccurr>publication date</srccurr></srctime><srccitea>NOAA, 2008</srccitea><srccontr>geometry and attributes</srccontr></srcinfo></lineage><logic>The data are variably reliable.  Those basins defined using Cohee, G. V. and others, 1962 and Frezon and Finn, 1988 are probably the most reliable.  Those basins using other references are probably less reliable.  Outlines of Cenozoic and Mesozoic basins are usually more reliable than outlines of Paleozoic and Neoproterozoic basins.  Outlines of older basins which are overlain by younger basins are less reliable than basins which have never been overprinted by younger geologic activities.  Problems remaining in the data set are associated with poorly defined basin outlines in the references used to create the basin outlines.  Some basins may have been inadvertently omitted or merged with other basins and, therefore, appear to be left out of the catalog.</logic><posacc><horizpa><horizpar>The accuracy of the geographic locations of the basins is highly variable and a function of the source data.  The most reliable locations are those defined by using Cohee, G. V. and others, 1962, and Frezon and Finn, 1988.  The majority of the data used in this compilation was taken from maps at scales of 1:2,500,000 and 1:5,000,000.  Additional, supplemental data were taken from a variety of larger scale, smaller area, maps.  The shapefile polygon data in this data base are reconnaissance in nature and best used at scales no larger than 1:1,000,000.</horizpar></horizpa></posacc></dataqual></metadata>
