State, Facility Name, Facility ID (ORISPL), Year, CO2 (short tons), Facility Latitude, Facility Longitude
AK,Healy Power Plant,6288,2021,,63.8542,-148.95
AL,AMEA Sylacauga Plant,56018,2021,328.9,33.1661,-86.2825
AL,Ascend (Decatur Plant),880041,2021,,34.6339,-87.0244
AL,Barry,3,2021,1409705.475,31.0069,-88.0103
AL,Calhoun Energy Center,55409,2021,10714.771,33.5883,-85.9731
AL,Central Alabama Gen Station,55440,2021,544467.314,32.6503,-86.7386
AL,Colbert,47,2021,8976.5,34.7439,-87.8486
AL,Decatur Energy Center,55292,2021,153534.694,34.6292,-87.0214
AL,E B Harris Generating Plant,7897,2021,392748.475,32.3814,-86.5736
AL,E C Gaston,26,2021,1534857.525,33.2442,-86.4567
AL,Gadsden,7,2021,,34.0128,-85.9708
AL,Greene County,10,2021,47503.228,32.6017,-87.7811
AL,Hillabee Energy Center,55411,2021,523079.287,33,-85.9031
AL,Hog Bayou Energy Center,55241,2021,177654.115,30.7478,-88.0575
AL,International Paper-Prattville Mill,52140,2021,,32.4167,-86.4667
AL,James H Miller Jr,6002,2021,5732212.7,33.6319,-87.0597
AL,McIntosh (7063),7063,2021,41120.664,31.2546,-88.0299
AL,McWilliams,533,2021,441974.291,31.4001,-86.4767
AL,Morgan Energy Center,55293,2021,466395.846,34.6397,-87.0639
AL,Plant H. Allen Franklin,7710,2021,1113921.975,32.6094,-85.0961
AL,SABIC Innovative Plastics - Burkville,7698,2021,85696.9,32.3102,-86.5242
AL,Tenaska Lindsay Hill Generating Station,55271,2021,114039.368,32.6514,-86.7386
AL,Theodore Cogeneration,7721,2021,201553.2,30.5248,-88.1289
AL,Walton Discover Power Facility,55138,2021,,32.5412,-85.0384
AL,Washington County Cogen (Olin),7697,2021,142334,31.2622,-88.0052
AR,Carl Bailey,202,2021,,35.2597,-91.3631
AR,City Water & Light - City of Jonesboro,56505,2021,3291.7,35.8481,-90.7257
AR,Dell Power Plant,55340,2021,243191.364,35.8619,-90.0253
AR,Flint Creek Power Plant,6138,2021,854090.1,36.2561,-94.5241
AR,Fulton,7825,2021,22033.417,33.6094,-93.7924
AR,Harry D. Mattison Power Plant,56328,2021,21764.7,36.1855,-94.2841
AR,Hot Spring Energy Facility,55418,2021,260864.399,34.2963,-92.8683
AR,Independence,6641,2021,1275073.588,35.6733,-91.4083
AR,John W. Turk Jr. Power Plant,56564,2021,655939.287,33.6497,-93.8119
AR,Lake Catherine,170,2021,1083.874,34.4341,-92.9046
AR,Magnet Cove Generating Station,55714,2021,25426.517,34.4304,-92.8333
AR,McClellan,203,2021,8696.436,33.5648,-92.7917
AR,Oswald Generating Station,55221,2021,26457.782,34.5923,-92.2166
AR,Pine Bluff Energy Center,55075,2021,171634.919,34.2181,-91.9025
AR,Plum Point Energy Station,56456,2021,1123776.642,35.6626,-89.9469
AR,Thomas Fitzhugh,201,2021,25896.601,35.4617,-93.8053
AR,Union Power Station,55380,2021,760376.029,33.2961,-92.5933
AR,White Bluff,6009,2021,2309222.115,34.4236,-92.1392
AZ,APS Saguaro Power Plant,118,2021,8984.532,32.5517,-111.3
AZ,APS West Phoenix Power Plant,117,2021,153825.079,33.4417,-112.1583
AZ,Agua Fria Generating Station,141,2021,1278.611,33.5542,-112.2161
AZ,Apache Station,160,2021,419392.876,32.0619,-109.8931
AZ,Arlington Valley Energy Facility,55282,2021,234079.451,33.3417,-112.8897
AZ,Black Mountain Generating Station,56482,2021,5178.196,35.0361,-114.1594
AZ,Cholla,113,2021,339774.991,34.9394,-110.3033
AZ,Coolidge Generating Station,56948,2021,36952.061,32.9175,-111.5041
AZ,Coronado Generating Station,6177,2021,471199.898,34.5778,-109.2717
AZ,De Moss Petrie Generating Station,124,2021,54.782,32.2511,-110.9889
AZ,Desert Basin Generating Station,55129,2021,179336.522,32.9042,-111.7889
AZ,Gila River Power Station,55306,2021,858489.552,32.9761,-112.694
AZ,Griffith Energy Project,55124,2021,302113.168,35.0517,-114.1334
AZ,Irvington Generating Station,126,2021,34037.443,32.16,-110.9047
AZ,Kyrene Generating Station,147,2021,124293.491,33.3544,-111.9364
AZ,Mesquite Generating Station,55481,2021,564561.778,33.3451,-112.8638
AZ,New Harquahala Generating Company,55372,2021,,33.4759,-113.1133
AZ,Ocotillo Power Plant,116,2021,59047.645,33.4225,-111.9122
AZ,Redhawk Generating Facility,55455,2021,502104.975,33.33,-112.84
AZ,Santan,8068,2021,361825.236,33.3333,-111.751
AZ,"South Point Energy Center, LLC",55177,2021,236973.215,34.8678,-114.5317
AZ,Springerville Generating Station,8223,2021,2150636.785,34.3186,-109.1636
AZ,Sundance Power Plant,55522,2021,33024.468,32.9285,-111.5899
AZ,Yucca Power Plant,120,2021,38501.221,32.7214,-114.7097
AZ,Yuma Cogeneration Associates,54694,2021,2151.649,32.7286,-114.6542
CA,AES Alamitos,315,2021,256748.772,33.7688,-118.1009
CA,AES Huntington Beach,335,2021,367326.741,33.6436,-117.9788
CA,AES Redondo Beach,356,2021,757.7,33.8504,-118.395
CA,Agua Mansa Power,55951,2021,257.3,34.0414,-117.3603
CA,Algonquin Power Sanger,57564,2021,5848.475,36.72,-119.55
CA,Almond Power Plant,7315,2021,23932.51,37.5739,-120.9854
CA,Badger Creek Limited,10650,2021,331.675,35.4837,-119.0299
CA,Barre Generating Station,56474,2021,4175.216,33.8073,-117.9833
CA,Bear Mountain Limited,10649,2021,265.85,35.4192,-118.9266
CA,Blythe Energy,55295,2021,133285.232,33.6157,-114.6865
CA,Cabrillo Power I Encina Power Station,302,2021,41846.267,33.1408,-117.3342
CA,CalPeak Power - Border,55510,2021,2550.971,32.5622,-116.9433
CA,CalPeak Power - Enterprise,55513,2021,2028.321,33.1221,-117.117
CA,CalPeak Power - Panoche,55508,2021,2232.286,36.6531,-120.5797
CA,CalPeak Power - Vaca Dixon,55499,2021,2471.428,38.3989,-121.9239
CA,"Calpine Gilroy Cogen, LP",10034,2021,8456.115,37.0001,-121.5367
CA,Calpine Sutter Energy Center,55112,2021,82616.304,39.0531,-121.6939
CA,Canyon Power Plant,57027,2021,5366.325,33.8581,-117.8616
CA,Carson Cogeneration,7527,2021,32909.795,38.4461,-121.4614
CA,Carson Cogeneration Company,10169,2021,177.697,33.8759,-118.2491
CA,Center Generating Station,56475,2021,1133.041,33.9297,-118.1047
CA,Chula Vista Energy Center,55540,2021,185.043,32.5914,-117.0586
CA,Coalinga Cogeneration Facility,50131,2021,,36.1807,-120.3885
CA,Colusa Generating Station,56532,2021,195485.212,39.3648,-122.268
CA,Cosumnes Power Plant,55970,2021,414606.468,38.3383,-121.1239
CA,Creed Energy Center,55625,2021,776.579,38.2419,-121.8551
CA,Cuyamaca Peak Energy,55512,2021,410.974,32.7971,-116.972
CA,DTE Stockton,54238,2021,148785.449,37.9416,-121.3273
CA,"Delano Energy Center, LLC",58122,2021,763.581,35.7909,-119.2945
CA,"Delta Energy Center, LLC",55333,2021,442279.753,38.0167,-121.8439
CA,Donald Von Raesfeld,56026,2021,96411.425,37.3767,-121.9508
CA,El Cajon Energy Center,57001,2021,189.332,32.7971,-116.972
CA,El Centro,389,2021,60140.359,32.8022,-115.54
CA,El Segundo,330,2021,10058.078,33.9106,-118.425
CA,Elk Hills Power,55400,2021,355985.689,35.2802,-119.4699
CA,"Escondido Energy Center, LLC",55538,2021,1528.46,33.1261,-117.1172
CA,Feather River Energy Center,55847,2021,3633.799,39.1088,-121.6133
CA,"Fresno Cogeneration Partners, LP",10156,2021,36.193,36.6183,-120.1
CA,Gateway Generating Station,56476,2021,404770.952,38.0167,-121.7592
CA,"Gilroy Energy Center, LLC",55810,2021,1732.76,36.999,-121.5363
CA,Glenarm,422,2021,2030.655,34.1256,-118.1474
CA,Goal Line,54749,2021,38.04,33.1185,-117.0995
CA,Goose Haven Energy Center,55627,2021,898.065,38.2271,-121.844
CA,Grapeland Generating Station,56472,2021,4526.645,34.09,-117.534
CA,Grayson Power Plant,377,2021,29211.628,34.1556,-118.2782
CA,Hanford Energy Park Peaker,55698,2021,209.991,36.2689,-119.6469
CA,Harbor Generating Station,399,2021,8511.219,33.7691,-118.2662
CA,Haynes Generating Station,400,2021,67979.949,33.7639,-118.0942
CA,Henrietta Peaker Plant,55807,2021,1922.46,36.2397,-119.9044
CA,High Desert Power Project,55518,2021,413609.605,34.5953,-117.3647
CA,Indigo Generation Facility,55541,2021,3105.219,33.9114,-116.5533
CA,Ivanpah 1,57074,2021,5359.7,35.5356,-115.4515
CA,Ivanpah 2,57073,2021,5573.1,35.5561,-115.4686
CA,Ivanpah 3,57075,2021,4825.3,35.5808,-115.4825
CA,King City Power Plant,10294,2021,5652.107,36.225,-121.1278
CA,Kingsburg Cogen Facility,10405,2021,322.487,36.547,-119.578
CA,La Paloma Generating Plant,55151,2021,34170.876,35.2956,-119.5919
CA,Lake,7987,2021,,34.1775,-118.3147
CA,Lambie Energy Center,55626,2021,893.986,38.2216,-121.8683
CA,Larkspur Energy Faciity,55542,2021,1246.632,32.5672,-116.9444
CA,Live Oak Limited,54768,2021,343.65,35.4837,-119.0298
CA,Lodi Energy Center,57978,2021,117314.846,38.088,-121.3867
CA,Long Beach Generating Station,341,2021,46.399,33.7641,-118.2248
CA,Los Esteros Critical Energy Facility,55748,2021,17954.371,37.425,-121.9319
CA,"Los Medanos Energy Center, LLC",55217,2021,399507.947,38.03,-121.8708
CA,Magnolia,56046,2021,14448.026,34.1788,-118.3153
CA,Malaga Power,56239,2021,1016.47,36.6894,-119.7399
CA,Malburg Generating Station,56041,2021,56671.588,33.9983,-118.2219
CA,Mariposa Energy Project,57483,2021,8480.795,37.7965,-121.6049
CA,Marsh Landing Generating Station,57267,2021,35226.981,38.0171,-121.7651
CA,McGrath Generating Station,56471,2021,207.329,34.2054,-119.2478
CA,McKittrick Limited,50612,2021,459.6,35.3195,-119.662
CA,Metcalf Energy Center,55393,2021,249556.829,37.2169,-121.7439
CA,Midway Peaking,56639,2021,3715.06,36.654,-120.5797
CA,Mira Loma Generating Station,56473,2021,1038.544,34.0054,-117.5604
CA,Miramar Energy Facility,56232,2021,2568.091,32.8769,-117.1664
CA,Moss Landing,260,2021,518602.793,36.8042,-121.7775
CA,Mountainview Generating Station,358,2021,100256.092,34.0836,-117.2408
CA,NCPA Combustion Turbine Project #2,7449,2021,2585.497,38.088,-121.3871
CA,Niland Gas Turbine Plant,56569,2021,4441.947,33.2432,-115.498
CA,Olive,6013,2021,,34.1775,-118.3147
CA,Orange Grove Project,56914,2021,717.486,33.359,-117.111
CA,"Ormond Beach Power, LLC.",350,2021,13121.685,34.1292,-119.1689
CA,"Otay Mesa Energy Center, LLC",55345,2021,169837.25,32.5733,-116.9153
CA,Palomar Energy Center,55985,2021,105520.741,33.1192,-117.118
CA,Panoche Energy Center,56803,2021,79128.783,36.6513,-120.5833
CA,Pastoria Energy Facility,55656,2021,463585.315,34.9556,-118.844
CA,Pio Pico Energy Center LLC,57555,2021,3888.973,32.5739,-116.9178
CA,Redding Power Plant,7307,2021,31961.737,40.5083,-122.4253
CA,Ripon Generation Station,56135,2021,703.933,37.7315,-121.116
CA,Riverside Energy Resource Center,56143,2021,5809.96,33.9636,-117.4528
CA,Riverview Energy Center,55963,2021,1232.333,38.0145,-121.7901
CA,Roseville Energy Park,56298,2021,4683.984,38.7926,-121.3823
CA,Russell City Energy Company LLC,56467,2021,53520.682,37.6341,-122.1326
CA,SCA Cogen II,7551,2021,85613.689,38.5306,-121.399
CA,Sacramento Power Authority Cogen,7552,2021,37668.659,38.511,-121.4735
CA,Salinas River Cogeneration Facility,50865,2021,60002.832,35.9515,-120.8679
CA,Sargent Canyon Cogen Facility,50864,2021,,35.9359,-120.8405
CA,Scattergood Generating Station,404,2021,184023.49,33.9175,-118.4258
CA,"Sentinel Energy Center, LLC",57482,2021,81289.295,33.9366,-116.5722
CA,Stanton Energy Reliability Center,60698,2021,1423.618,33.807,-117.9864
CA,Sunrise Power Company,55182,2021,258149.629,35.2097,-119.585
CA,Tracy Combined Cycle Power Plant,55933,2021,96820.495,37.7107,-121.4906
CA,Valley Generating Station,408,2021,128328.765,34.2481,-118.3903
CA,Walnut Creek Energy Park,57515,2021,18458.031,34.0078,-117.9425
CA,Walnut Energy Center,56078,2021,141465.806,37.4878,-120.8956
CA,Wolfskill Energy Center,55855,2021,684.217,38.2282,-122.076
CA,Woodland Generation Station,7266,2021,46883.324,37.6528,-121.0172
CA,Yuba City Energy Center,10349,2021,5238.239,39.1365,-121.6397
CO,Arapahoe Combustion Turbine Facility,55200,2021,22582.196,39.6692,-105.0018
CO,Blue Spruce Energy Center,55645,2021,39057.413,39.7436,-104.68
CO,Brush Power Projects,10682,2021,10193.861,40.2415,-103.631
CO,Cherokee,469,2021,314949.799,39.8078,-104.9648
CO,Comanche (470),470,2021,2366111.9,38.2081,-104.5747
CO,Craig,6021,2021,2336470.423,40.4627,-107.5912
CO,Fort St. Vrain,6112,2021,358226.074,40.2461,-104.8742
CO,Fountain Valley Power Plant,55453,2021,14588.597,38.5569,-104.6875
CO,Frank Knutson Station,55505,2021,13954.644,39.9414,-104.6817
CO,Front Range Power Plant,55283,2021,325761.479,38.6281,-104.7069
CO,Hayden,525,2021,777858.171,40.4856,-107.185
CO,J M Shafer,50707,2021,56033.722,40.0979,-104.7745
CO,Limon Generating Station,55504,2021,12208.166,39.2038,-103.7005
CO,Manchief Generating Station,55127,2021,41597.099,40.2201,-103.679
CO,Martin Drake,492,2021,105135.678,38.8244,-104.8331
CO,Pawnee,6248,2021,829440.678,40.2217,-103.6803
CO,Pueblo Airport Generating Station,56998,2021,144583.591,38.322,-104.533
CO,Rawhide Energy Station,6761,2021,465668.205,40.8611,-105.0206
CO,Ray D Nixon,8219,2021,277877.166,38.6306,-104.7056
CO,Rocky Mountain Energy Center,55835,2021,273582.614,40.0911,-104.5947
CO,Spindle Hill Energy Center,56445,2021,39922.185,40.0914,-104.8819
CO,Valmont Combustion Turbine Facility,55207,2021,864.698,40.0197,-105.202
CT,Alfred L Pierce Generating Station,6635,2021,1293.612,41.4485,-72.834
CT,"Algonquin Power Windsor Locks, LLC",10567,2021,7950.26,41.9227,-72.6255
CT,Bridgeport Energy,55042,2021,275586.432,41.1692,-73.1844
CT,Bridgeport Harbor Station,568,2021,661418.674,41.1706,-73.1843
CT,CPV Towantic Energy Center,56047,2021,555798.279,41.4841,-73.1229
CT,Capitol District Energy Center,50498,2021,,41.7639,-72.6925
CT,Devon,544,2021,914.758,41.2083,-73.1092
CT,Kleen Energy Systems Project,56798,2021,39974.995,41.5526,-72.597
CT,Lake Road Generating Company,55149,2021,521403.335,41.8736,-71.8947
CT,Middletown,562,2021,3589.673,41.5544,-72.5793
CT,Milford Power Company LLC,55126,2021,430079.486,41.2239,-73.1
CT,Montville,546,2021,14403.916,41.4281,-72.1019
CT,New Haven Harbor,6156,2021,1373.589,41.2836,-72.9042
CT,"Pratt & Whitney, East Hartford",54605,2021,11241.516,41.75,-72.6347
CT,South Meadow Station,563,2021,266,41.7495,-72.6524
CT,"Wallingford Energy, LLC",55517,2021,11489.368,41.4486,-72.8358
CT,Waterbury Generation,56629,2021,1537.207,41.5444,-73.0416
DC,GSA Central Heating,880004,2021,,38.8856,-77.0244
DE,Christiana Substation,591,2021,,39.7302,-75.5371
DE,Delaware City Refinery,52193,2021,55701.2,39.5936,-75.6337
DE,Edge Moor,593,2021,80.907,39.7372,-75.5033
DE,Energy Center Dover LLC,10030,2021,9816.247,39.1467,-75.5461
DE,Garrison Energy Center,57349,2021,42007.783,39.1882,-75.4999
DE,Hay Road,7153,2021,16847.69,39.7436,-75.5072
DE,Indian River,594,2021,158321.893,38.5857,-75.2341
DE,McKee Run,599,2021,15.013,39.1748,-75.5455
DE,Van Sant,7318,2021,930.522,39.15,-75.5466
DE,Warren F. Sam Beasley Pwr Station,7962,2021,3333.918,39.2798,-75.6246
FL,Anclote,8048,2021,178710.379,28.1844,-82.7887
FL,Arvah B Hopkins,688,2021,109481.771,30.4522,-84.4
FL,Bayside Power Station,7873,2021,833911.269,27.9072,-82.4231
FL,Big Bend,645,2021,849571.471,27.7944,-82.4036
FL,Brandy Branch,7846,2021,515054.667,30.3206,-81.9486
FL,C D McIntosh Jr Power Plant,676,2021,655399.962,28.0809,-81.9256
FL,Cane Island,7238,2021,269132.536,28.2764,-81.533
FL,Cape Canaveral,609,2021,565429.819,28.4694,-80.7642
FL,Charles Larsen Memorial Power Plant,675,2021,4486.838,28.0491,-81.9238
FL,Crystal River,628,2021,2049868.913,28.9594,-82.7003
FL,Curtis H. Stanton Energy Center,564,2021,1334474.277,28.4836,-81.1686
FL,Debary,6046,2021,30368.101,28.9047,-81.3319
FL,Deerhaven,663,2021,190464.472,29.7586,-82.3883
FL,Deerhaven Renewable Energy Center,57241,2021,245575.071,29.7675,-82.3964
FL,Fort Myers,612,2021,870815.656,26.6967,-81.7831
FL,Greenland Energy Center,56799,2021,76626.364,30.1603,-81.5164
FL,Gulf Clean Energy Center,641,2021,422876.546,30.5661,-87.2289
FL,Hardee Power Station,50949,2021,710.367,27.6364,-81.9636
FL,Hines Energy Complex,7302,2021,1024221.913,27.7886,-81.8694
FL,Indian River (683),683,2021,4974.61,28.4933,-80.7825
FL,"Indiantown Cogeneration, LP",50976,2021,,27.0393,-80.5144
FL,Intercession City,8049,2021,65548.845,28.2628,-81.5486
FL,J D Kennedy,666,2021,47801.068,30.3644,-81.6236
FL,J R Kelly,664,2021,28738.718,29.6467,-82.3219
FL,Lansing Smith Generating Plant,643,2021,530479.464,30.2689,-85.7003
FL,Lauderdale,613,2021,27089.735,26.0681,-80.1983
FL,Manatee,6042,2021,765699.736,27.6058,-82.3456
FL,Martin,6043,2021,734460.771,27.0536,-80.5628
FL,Midulla Generating Station,7380,2021,417764.716,27.6417,-81.9625
FL,Mulberry Cogeneration Facility,54426,2021,52371.628,27.8489,-81.8775
FL,Northside,667,2021,482426.22,30.4172,-81.5525
FL,Okeechobee Clean Energy Center,60345,2021,540102.024,27.6342,-80.7911
FL,Oleander Power Project,55286,2021,8201.129,28.3661,-80.7947
FL,Orange Cogeneration Facility,54365,2021,45380.092,27.8708,-81.8253
FL,Orlando CoGen,54466,2021,110131.127,28.4422,-81.4119
FL,Osceola,55192,2021,,28.1289,-81.0978
FL,Osprey Energy Center,55412,2021,155614.038,28.0525,-81.8083
FL,P L Bartow,634,2021,591593.662,27.8613,-82.6012
FL,Polk,7242,2021,390979.212,27.7286,-81.9897
FL,Port Everglades,617,2021,501191.929,26.0856,-80.1253
FL,Reedy Creek Central Energy Plant,7254,2021,3245.3,28.4272,-81.5803
FL,Riviera Beach Energy Center,619,2021,414126.584,26.7653,-80.0528
FL,S O Purdom,689,2021,135425.998,30.1619,-84.2014
FL,Sanford,620,2021,762304.386,28.8419,-81.3256
FL,Santa Rosa Energy Center,55242,2021,137402.851,30.5661,-87.115
FL,Seminole (136),136,2021,1584575.608,29.7333,-81.6339
FL,Shady Hills,55414,2021,17111.248,28.3665,-82.5591
FL,Stanton A,55821,2021,96335.509,28.4881,-81.1675
FL,Stock Island,6584,2021,1093.557,24.5636,-81.7342
FL,Tiger Bay,7699,2021,52488.476,27.7447,-81.85
FL,Tom G Smith,673,2021,0.334,26.6125,-80.0678
FL,Treasure Coast Energy Center,56400,2021,199619.6,27.3839,-80.3775
FL,Turkey Point,621,2021,350603.191,25.4356,-80.3308
FL,University of Florida,7345,2021,45803.363,29.6397,-82.3486
FL,Vandolah Power Project,55415,2021,88188.478,27.5242,-81.9236
FL,West County Energy Center,56407,2021,1729940.619,26.6986,-80.3747
GA,AL Sandersville Energy Facility,55672,2021,,33.1189,-82.8608
GA,Albany Green Energy LLC,60340,2021,196470.112,31.5492,-84.1114
GA,Allen B Wilson Combustion Turbine Plant,6258,2021,,33.138,-81.748
GA,Baconton Power,55304,2021,447.707,31.3869,-84.0819
GA,Bowen,703,2021,2938862.513,34.1256,-84.9192
GA,Chattahoochee Energy Facility,7917,2021,260949.149,33.407,-85.0387
GA,Dahlberg (Jackson County),7765,2021,13430.001,34.0386,-83.3972
GA,Doyle Energy Facility,55244,2021,3409.561,33.8376,-83.6996
GA,Edward L Addison Generating Plant,55267,2021,5972.738,32.911,-84.3059
GA,"Effingham County Power, LLC",55406,2021,88717.78,32.2792,-81.2842
GA,Hartwell Energy Facility,70454,2021,18033.931,34.3387,-82.8207
GA,Hawk Road Energy Facility,55141,2021,14118.096,33.3577,-84.9912
GA,Jack McDonough,710,2021,1713509.883,33.8244,-84.475
GA,MPC Generating,7764,2021,,33.8122,-83.6954
GA,McIntosh (6124),6124,2021,5745.9,32.3558,-81.1683
GA,McIntosh Combined Cycle Facility,56150,2021,962333.83,32.3478,-81.1828
GA,McManus,715,2021,,31.2125,-81.5458
GA,Mid-Georgia Cogeneration,55040,2021,4778.629,32.4853,-83.6036
GA,Robins,7348,2021,1352.2,32.5806,-83.5831
GA,Scherer,6257,2021,1835411.781,33.0583,-83.8072
GA,Sewell Creek Energy,7813,2021,,33.9486,-85.2769
GA,Smarr Energy Facility,7829,2021,1853.142,32.9856,-83.8464
GA,Sowega Power Project,7768,2021,1164.943,31.3869,-84.0814
GA,Talbot Energy Facility,7916,2021,5638.231,32.5892,-84.6917
GA,Tenaska Georgia Generating Station,55061,2021,4931.925,33.3516,-84.9996
GA,Thomas A. Smith Energy Facility,55382,2021,774444.444,34.7094,-84.9182
GA,Walton Bainbridge Power Facility,56015,2021,,30.9111,-84.5472
GA,Walton County Power,55128,2021,1487.213,33.8147,-83.6969
GA,Wansley (6052),6052,2021,351477.102,33.4124,-85.0345
GA,Wansley (7946),7946,2021,266079.988,33.4082,-85.0399
GA,Wansley CC (55965),55965,2021,605648.176,33.4063,-85.0373
GA,Washington County Power,55332,2021,1236.633,33.0917,-82.9803
GA,Yates,728,2021,126514.043,33.4622,-84.8986
IA,Ames,1122,2021,59624.523,42.0247,-93.6069
IA,Burlington (IA),1104,2021,334835.718,40.7412,-91.1168
IA,Dayton Avenue Substation,6463,2021,,42.0269,-93.5828
IA,Earl F Wisdom,1217,2021,10164.663,43.1606,-95.2569
IA,Electrifarm,6063,2021,,42.4407,-92.4205
IA,Emery Station,8031,2021,195641.552,43.094,-93.2922
IA,Exira Station,56013,2021,16940.864,41.5131,-94.9189
IA,George Neal North,1091,2021,403893.55,42.3251,-96.3797
IA,George Neal South,7343,2021,195510.825,42.3022,-96.3622
IA,Greater Des Moines Energy Center,7985,2021,62974.219,41.5563,-93.5283
IA,Lansing,1047,2021,120404.989,43.3359,-91.1672
IA,Lime Creek,7155,2021,834.6,43.2481,-93.2046
IA,Louisa,6664,2021,968543.113,41.3153,-91.0936
IA,Marshalltown CTs,1068,2021,,42.0474,-92.8594
IA,Marshalltown Generating Station,58236,2021,30218.893,42.04,-92.87
IA,Muscatine,1167,2021,368122.632,41.3917,-91.0569
IA,Ottumwa,6254,2021,1158520.544,41.0961,-92.5556
IA,Pleasant Hill Energy Center,7145,2021,2855.454,41.5572,-93.5242
IA,Prairie Creek,1073,2021,71690.906,41.9439,-91.6386
IA,Streeter Station,1131,2021,3989.551,42.5267,-92.4394
IA,Summit Lake,1206,2021,,41.1141,-94.3499
IA,Sycamore Combustion Turbine,8029,2021,,41.6722,-93.6769
IA,Walter Scott Jr. Energy Center,1082,2021,1923829.525,41.18,-95.8408
ID,Bennett Mountain Power Project,55733,2021,28008.64,43.147,-115.6671
ID,Evander Andrews Power Complex,7953,2021,21023.477,43.1794,-115.7328
ID,Langley Gulch Power Plant,57028,2021,231896,43.9046,-116.8181
ID,Rathdrum Combustion Turbine Project,7456,2021,10738.131,47.8034,-116.869
ID,"Rathdrum Power, LLC",55179,2021,205613.857,47.7861,-116.9214
IL,Alsey Station,7818,2021,2249.376,39.5697,-90.4362
IL,Archer Daniels Midland Co.,10865,2021,,39.8675,-88.885
IL,Aurora,55279,2021,19680.608,41.8151,-88.2265
IL,Baldwin Energy Complex,889,2021,2025827.111,38.205,-89.855
IL,"Calumet Energy Team, LLC",55296,2021,1021.539,41.6835,-87.5563
IL,Cordova Energy Company,55188,2021,117275.675,41.7146,-90.2802
IL,Crete Energy Park,55253,2021,,41.4297,-87.6187
IL,Dallman,963,2021,382318.679,39.7539,-89.6011
IL,E D Edwards,856,2021,738722.795,40.5958,-89.6631
IL,"Elgin Energy Center, LLC",55438,2021,6500.589,41.9997,-88.2445
IL,Elwood Energy Facility,55199,2021,11958.688,41.4388,-88.1236
IL,Factory Gas Turbine,8016,2021,,39.8266,-89.6368
IL,Fisk,886,2021,,41.8508,-87.6533
IL,Freedom Power Project,7842,2021,3.262,39.1025,-88.8589
IL,"Gibson City Energy Center, LLC",55201,2021,2270.781,40.4705,-88.3987
IL,Goose Creek Power Plant,55496,2021,398.26,40.1083,-88.5986
IL,"Grand Tower Energy Center, LLC",862,2021,,37.6578,-89.5119
IL,Holland Energy Facility,55334,2021,82244.83,39.2242,-88.7594
IL,Ingredion Incorporated Argo Plant,54556,2021,,41.7775,-87.8233
IL,Interstate,7425,2021,717.848,39.8233,-89.5888
IL,Joliet 29,384,2021,,41.4947,-88.125
IL,Joliet 9,874,2021,1847.25,41.4947,-88.125
IL,Joppa Steam,887,2021,1471077.252,37.2103,-88.8606
IL,Kendall Energy Facility,55131,2021,882042.014,41.4797,-88.2581
IL,Kincaid Generating Station,876,2021,1050973.423,39.5906,-89.4964
IL,Kinmundy Power Plant,55204,2021,,38.7619,-89.0128
IL,"LSP University Park, LLC",55640,2021,58659.754,41.4426,-87.7515
IL,"Lee County Generating Station, LLC",55236,2021,9688.846,41.8287,-89.4054
IL,Lincoln Generating Facility,55222,2021,,41.3937,-87.9437
IL,MEPI GT Facility,7858,2021,,37.2175,-88.8658
IL,Marion,976,2021,277848.795,37.6206,-88.955
IL,"Morris Cogeneration, LLC",55216,2021,,41.4092,-88.3292
IL,Nelson Energy Center,55183,2021,249299.197,41.7749,-89.6067
IL,Newton,6017,2021,1041144.128,38.9361,-88.2778
IL,Pinckneyville Power Plant,55202,2021,,38.1114,-89.3467
IL,Powerton,879,2021,742079.03,40.5408,-89.6786
IL,Prairie State Generating Station,55856,2021,2935660.372,38.2792,-89.667
IL,Raccoon Creek Power Plant,55417,2021,91.566,38.6996,-88.5392
IL,Rockford Energy Center,55238,2021,9799.329,42.2403,-89.1025
IL,Rockford II Energy Center,55936,2021,3999.751,42.2383,-89.1014
IL,"Rocky Road Power, LLC",55109,2021,556.395,42.0931,-88.2397
IL,Shelby County,55237,2021,,39.2794,-88.4772
IL,Southeast Chicago Energy Project,55281,2021,,41.7181,-87.5449
IL,Tate & Lyle,10867,2021,,39.8466,-88.9261
IL,Tilton Power Station,7760,2021,2800.543,40.1063,-87.6539
IL,University Park Energy,55250,2021,17112.7,41.4405,-87.7528
IL,Venice,913,2021,5.945,38.6642,-90.1764
IL,Waukegan,883,2021,430659.425,42.3833,-87.8133
IL,Will County,884,2021,349662.625,41.6334,-88.0626
IL,Wood River Refinery,880067,2021,,38.8375,-90.0675
IL,Zion Energy Center,55392,2021,34389.576,42.4776,-87.895
IN,A B Brown Generating Station,6137,2021,830364.59,37.9053,-87.715
IN,Alcoa Allowance Management Inc,6705,2021,1492928.297,37.915,-87.3328
IN,Anderson,7336,2021,1101.028,40.0529,-85.7389
IN,C. C. Perry K Steam Plant,992,2021,18456.271,39.7622,-86.1667
IN,Cayuga,1001,2021,1047614.961,39.9239,-87.4272
IN,Clifty Creek,983,2021,1638630.768,38.7383,-85.4192
IN,Edwardsport Generating Station,1004,2021,1110913.605,38.8067,-87.2472
IN,F B Culley Generating Station,1012,2021,662913.1,37.91,-87.3267
IN,Georgetown Substation,7759,2021,9557.412,39.9022,-86.2439
IN,Gibson,6113,2021,2925881.237,38.3722,-87.7661
IN,Henry County Generating Station,7763,2021,15865.081,39.9528,-85.5039
IN,Hoosier Energy Lawrence Co Station,7948,2021,1372.621,38.8003,-86.4511
IN,IPL - Eagle Valley Generating Station,991,2021,507494.645,39.4851,-86.4176
IN,IPL - Harding Street Station (EW Stout),990,2021,59780.503,39.7119,-86.1975
IN,IPL - Petersburg Generating Station,994,2021,2885016.105,38.5267,-87.2525
IN,Lawrenceburg Energy Facility,55502,2021,888608.84,39.0913,-84.8667
IN,Merom,6213,2021,1384603.772,39.0694,-87.5108
IN,Michigan City Generating Station,997,2021,483500.35,41.7203,-86.9097
IN,Montpelier Electric Gen Station,55229,2021,12570.4,40.6206,-85.3057
IN,Noblesville,1007,2021,160045.911,40.0969,-85.9714
IN,Purdue University-Wade Utility,50240,2021,,40.4172,-86.9117
IN,R Gallagher,1008,2021,32365.668,38.2636,-85.8381
IN,R M Schahfer Generating Station,6085,2021,1186264.243,41.2175,-87.0239
IN,Richmond (IN),7335,2021,538.499,39.8383,-84.9665
IN,Rockport,6166,2021,1258407.648,37.9256,-87.0372
IN,St. Joseph Energy Center LLC,57794,2021,573501.164,41.6996,-86.4814
IN,Sugar Creek Generating Station,55364,2021,279043.168,39.3922,-87.5103
IN,Vermillion Generating Station,55111,2021,13714.487,39.9208,-87.445
IN,Wabash River Highland Plant,57842,2021,75.111,39.5326,-87.4262
IN,Wheatland Generating Facility LLC,55224,2021,11119.609,38.6716,-87.2931
IN,Whitewater Valley,1040,2021,4672.976,39.8028,-84.8953
IN,"Whiting Clean Energy, Inc.",55259,2021,364017.501,41.6739,-87.4778
IN,Worthington Generation,55148,2021,7204.501,39.0717,-87.0128
KS,Chanute 2,1268,2021,49321.323,37.6953,-95.4586
KS,Cimarron River,1230,2021,,37.1611,-100.7619
KS,Clifton Station,8037,2021,,39.6125,-97.2778
KS,Coffeyville,1271,2021,,37.0456,-95.6076
KS,East 12th Street,7013,2021,,37.2376,-96.9619
KS,Emporia Energy Center,56502,2021,55539.722,38.4464,-96.0651
KS,Fort Dodge aka Judson Large,1233,2021,1505.144,37.7328,-99.9497
KS,Garden City,1336,2021,1205.156,37.9703,-100.8956
KS,Gordon Evans Energy Center,1240,2021,20116.811,37.7903,-97.5217
KS,Great Bend Station aka Arthur Mullergren,1235,2021,54.588,38.41,-98.8689
KS,Holcomb,108,2021,523133.944,37.9306,-100.9725
KS,Hutchinson Energy Center,1248,2021,,38.0906,-97.8747
KS,Jeffrey Energy Center,6068,2021,1723976.443,39.2825,-96.1153
KS,La Cygne,1241,2021,1974288.256,38.3472,-94.6389
KS,Lawrence Energy Center,1250,2021,161424.4,39.0072,-95.2692
KS,McPherson 2,1305,2021,,38.3461,-97.6761
KS,McPherson Municipal Power Plant #3,7515,2021,13076.677,38.3864,-97.61
KS,Nearman Creek,6064,2021,423546.892,39.1714,-94.6958
KS,Osawatomie Generating Station,7928,2021,4334.431,38.5325,-94.9042
KS,Quindaro,1295,2021,,39.1486,-94.6405
KS,Riverton,1239,2021,151705.217,37.0719,-94.6986
KS,West Gardner Generating Station,7929,2021,4926.678,38.7878,-94.985
KY,Big Sandy,1353,2021,108642.4,38.1707,-82.6176
KY,Bluegrass Generating Station,55164,2021,4556.154,38.3902,-85.4133
KY,Cane Run,1363,2021,536062.462,38.1828,-85.8894
KY,D B Wilson,6823,2021,766947.222,37.4497,-87.0803
KY,E W Brown,1355,2021,344252.306,37.7889,-84.7139
KY,East Bend,6018,2021,1089679.601,38.9031,-84.8511
KY,Ghent,1356,2021,2988631.675,38.7497,-85.035
KY,H L Spurlock,6041,2021,2389548.291,38.7,-83.8175
KY,John S. Cooper,1384,2021,135501.991,37,-84.5917
KY,Marshall County,55232,2021,2547.535,37.0286,-88.3958
KY,Mill Creek,1364,2021,2099506.764,38.0531,-85.91
KY,Paddy's Run,1366,2021,1102.679,38.2147,-85.8453
KY,Paducah Power Systems Plant 1,56556,2021,71.807,37.0339,-88.6161
KY,Paradise,1378,2021,755389.604,37.2608,-86.9783
KY,R D Green,6639,2021,313193.039,37.6467,-87.5006
KY,Riverside Generating Company,55198,2021,29474.483,38.1933,-82.6042
KY,Robert Reid,1383,2021,,37.6467,-87.5033
KY,Shawnee,1379,2021,1888760.753,37.1517,-88.775
KY,Smith Generating Facility,54,2021,66196.332,37.8824,-84.1025
KY,Trimble County,6071,2021,1866228.14,38.5847,-85.4117
LA,Acadia Power Station,55173,2021,410701.731,30.4284,-92.4112
LA,Arsenal Hill Power Plant,1416,2021,272291.584,32.5181,-93.7611
LA,Bayou Cove Peaking Power Plant,55433,2021,23760.523,30.2825,-92.5994
LA,Big Cajun 1,1464,2021,21872.066,30.6736,-91.3525
LA,Big Cajun 2,6055,2021,411411.345,30.7261,-91.3669
LA,Brame Energy Center,6190,2021,1778361.08,31.395,-92.7167
LA,Calcasieu Plant,55165,2021,10620.551,30.1603,-93.3458
LA,Carville Energy Center,55404,2021,295236.014,30.2292,-91.065
LA,Coughlin Power Station,1396,2021,316183.354,30.8442,-92.2606
LA,Dolet Hills Power Station,51,2021,39874.9,32.0306,-93.5692
LA,Hargis-Hebert Electric Generating Statio,56283,2021,8230.683,30.1694,-91.9923
LA,Houma,1439,2021,1945.159,29.5808,-90.7222
LA,LEPA Unit No. 1,58478,2021,26984.85,29.6913,-91.193
LA,Lake Charles Power Station,60927,2021,361536.064,30.2706,-93.2886
LA,Lieberman Power Plant,1417,2021,13240.468,32.7047,-93.9597
LA,Little Gypsy,1402,2021,114992.925,30.0033,-90.4611
LA,Louisiana 1,1391,2021,597345.831,30.4903,-91.1875
LA,Nelson Industrial Steam Company,50030,2021,,30.2861,-93.2917
LA,Ninemile Point,1403,2021,909963.057,29.9472,-90.1458
LA,Ouachita Plant,55467,2021,278153.717,32.7056,-92.0697
LA,Perryville Power Station,55620,2021,249478.291,32.6914,-92.0192
LA,Plaquemine Cogen Facility,55419,2021,822565.724,30.3215,-91.2392
LA,R S Cogen LLC,55117,2021,286182.848,30.221,-93.2826
LA,R S Nelson,1393,2021,374138.036,30.2861,-93.2917
LA,St. Charles Power Station,60926,2021,550470.148,30.0051,-90.4617
LA,Sterlington,1404,2021,2496.605,32.7047,-92.0792
LA,T J Labbe Electric Generating Station,56108,2021,5932.742,30.2554,-92.0433
LA,Taft Cogeneration Facility,55089,2021,478989.494,29.9861,-90.4575
LA,Teche Power Station,1400,2021,25424.281,29.8223,-91.5427
LA,Washington Parish Energy Center,55486,2021,9111.943,30.7914,-89.9092
LA,Waterford 1 & 2,8056,2021,27057.791,29.9994,-90.4758
MA,Bellingham,10307,2021,1117.584,42.0925,-71.4833
MA,Bellingham Power Generation LLC,55211,2021,270926.82,42.1113,-71.4529
MA,Berkshire Power,55041,2021,106776.998,42.0476,-72.6478
MA,Blackstone,1594,2021,,42.3636,-71.1161
MA,Blackstone Power Generation LLC,55212,2021,248820.609,42.0575,-71.5172
MA,Canal Station,1599,2021,10773.949,41.7694,-70.5097
MA,Cleary Flood,1682,2021,444.723,41.8653,-71.1061
MA,Dartmouth Power,52026,2021,1426.965,41.6728,-70.9989
MA,Deer Island Treatment,10823,2021,79.942,42.3497,-70.9601
MA,Dighton,55026,2021,1760.013,41.8312,-71.1239
MA,Exelon West Medway II,59882,2021,21686.222,42.1375,-71.444
MA,Fore River Energy Center,55317,2021,447812.545,42.2417,-70.9653
MA,Kendall Green Energy LLC,1595,2021,210189.506,42.3633,-71.0792
MA,Kneeland Station,880023,2021,,42.35,-71.0583
MA,MASSPOWER,10726,2021,3659.075,42.156,-72.5292
MA,MBTA South Boston Power Facility,10176,2021,,42.3414,-71.0311
MA,MIT Central Utility Plant,54907,2021,,42.3611,-71.0934
MA,Medway Station,1592,2021,20.7,42.1364,-71.4478
MA,"Milford Power, LLC",54805,2021,4140.1,42.1292,-71.5122
MA,Millennium Power,55079,2021,36926.834,42.1127,-72.0152
MA,Mystic,1588,2021,328790.251,42.3917,-71.0667
MA,Pittsfield Generating,50002,2021,,42.4564,-73.2181
MA,Potter,1660,2021,3197.107,42.235,-70.9672
MA,Salem Harbor Station NGCC,60903,2021,133887.376,42.5256,-70.8784
MA,Stony Brook Energy Center,6081,2021,851.575,42.1977,-72.5103
MA,"Tanner Street Generation, LLC",54586,2021,50.484,42.6308,-71.3133
MA,Waters River,1678,2021,50.5,42.5428,-70.9236
MA,West Springfield,1642,2021,4320.297,42.0956,-72.5958
MD,AES Warrior Run,10678,2021,367281.6,39.5944,-78.7456
MD,"American Sugar Refining, Inc.",54795,2021,,39.2749,-76.5945
MD,Brandon Shores,602,2021,854384.108,39.1792,-76.5383
MD,Brandywine Power Facility,54832,2021,62856.603,38.6681,-76.8678
MD,CPV St. Charles Energy Center,56846,2021,346120.188,38.5686,-76.8919
MD,Chalk Point,1571,2021,764843.781,38.5444,-76.6861
MD,Cove Point LNG Terminal,59073,2021,270321.647,38.387,-76.408
MD,Dickerson,1572,2021,3158.85,39.2086,-77.4644
MD,Herbert A Wagner,1554,2021,43016.127,39.1781,-76.5268
MD,Keys Energy Center,60302,2021,435254.8,38.6955,-76.8278
MD,Luke Paper Company,50282,2021,,39.4722,-79.0575
MD,Morgantown,1573,2021,588402.233,38.3592,-76.9767
MD,NIH Cogeneration Facility,56668,2021,,38.9982,-77.1026
MD,Perryman,1556,2021,21318.737,39.4422,-76.2208
MD,Rock Springs Generating Facility,7835,2021,2049.106,39.7183,-76.1606
MD,Vienna,1564,2021,17.293,38.4878,-75.8208
MD,Wildcat Point Generation Facility,59220,2021,220147.089,39.7194,-76.1616
ME,Androscoggin Energy,55031,2021,78811.618,44.5047,-70.2403
ME,Bucksport Generation LLC,50243,2021,4.6,44.5739,-68.8033
ME,Maine Independence Station,55068,2021,30818.95,44.8236,-68.7106
ME,Rumford Power,55100,2021,6415.373,44.5303,-70.5219
ME,Westbrook Energy Center,55294,2021,179559.916,43.6576,-70.3772
ME,William F Wyman,1507,2021,39.896,43.75,-70.1569
MI,48th Street Peaking Station,7258,2021,615.474,42.7553,-86.0853
MI,Alpine Power Plant,59926,2021,38388.1,45.0624,-84.8261
MI,Belle River,6034,2021,2164585.316,42.7748,-82.4945
MI,Cadillac Renewable Energy,54415,2021,,44.2634,-85.4348
MI,Dan E Karn,1702,2021,894957.564,43.6425,-83.8431
MI,Dean Peakers,55718,2021,8835.786,42.774,-82.4818
MI,Dearborn Industrial Generation,55088,2021,462092.7,42.3026,-83.154
MI,Delray,1728,2021,,42.2947,-83.1019
MI,Eckert Station,1831,2021,,42.7183,-84.5586
MI,Erickson,1832,2021,266157.372,42.6919,-84.6572
MI,Genesee Power Station,54751,2021,,43.0841,-83.6743
MI,Grayling Generating Station,10822,2021,,44.6062,-84.6901
MI,Greenwood,6035,2021,163442.108,43.1056,-82.6964
MI,Hancock Peakers,1730,2021,4095.1,42.5497,-83.4425
MI,Holland Energy Park,59093,2021,100353.007,42.793,-86.0925
MI,J H Campbell,1710,2021,2435009.957,42.9103,-86.2036
MI,Jackson Generating Station,55270,2021,210851.419,42.2488,-84.3767
MI,Kalamazoo River Generating Station,55101,2021,2121.974,42.2797,-85.4922
MI,Kalkaska CT Project #1,7984,2021,5085.446,44.6889,-85.2019
MI,Lansing BWL REO Town Plant,58427,2021,87001.312,42.7197,-84.5518
MI,Livingston Generating Station,55102,2021,2141.878,45.0291,-84.7332
MI,Michigan Power Limited Partnership,54915,2021,148805.7,43.94,-86.4247
MI,Midland Cogeneration Venture,10745,2021,,43.5861,-84.2242
MI,Monroe,1733,2021,4184984.686,41.8917,-83.3461
MI,New Covert Generating Project,55297,2021,869961.881,42.3231,-86.2925
MI,Renaissance Power,55402,2021,51300.596,43.1864,-84.8429
MI,River Rouge,1740,2021,30808.713,42.2733,-83.1131
MI,St. Clair,1743,2021,965786.191,42.7642,-82.4719
MI,Sumpter Plant,7972,2021,17614.418,42.167,-83.5318
MI,TES Filer City Station,50835,2021,,44.217,-86.2906
MI,Trenton Channel,1745,2021,278634.42,42.1236,-83.1811
MI,Wyandotte,1866,2021,1849.694,42.2081,-83.1453
MI,Zeeland Generating Station,55087,2021,279460.698,42.82,-85.9988
MN,Allen S King,1915,2021,353878.647,45.03,-92.7786
MN,Black Dog,1904,2021,144524.372,44.8108,-93.2501
MN,Blue Lake Generating Plant,8027,2021,1481.656,44.7855,-93.4315
MN,Boswell Energy Center,1893,2021,1618304.148,47.2603,-93.6531
MN,Cambridge Station,2038,2021,4377.425,45.601,-93.2081
MN,Cannon Falls Energy Center,56241,2021,16504.7,44.5364,-92.9147
MN,Cascade Creek,6058,2021,3782.67,44.0322,-92.4908
MN,Cottage Grove Cogeneration,55010,2021,63129.782,44.7956,-92.9119
MN,Elk River,2039,2021,7967.504,45.2958,-93.5542
MN,Faribault Energy Park,56164,2021,58739.361,44.3353,-93.2894
MN,Hibbard Energy Center,1897,2021,46308.821,46.7356,-92.1531
MN,High Bridge,1912,2021,298653.771,44.9331,-93.1075
MN,Hoot Lake,1943,2021,146671.975,46.29,-96.0428
MN,Hutchinson - Plant 2,6358,2021,93.395,44.8889,-94.35
MN,Inver Hills,1913,2021,,44.781,-93.042
MN,Lakefield Junction Generating,7925,2021,9346.447,43.7984,-94.8415
MN,Laskin Energy Center,1891,2021,2419.285,47.5306,-92.1619
MN,Mankato Energy Center,56104,2021,355474.128,44.1965,-94.0099
MN,Maple Lake Station,2042,2021,,45.229,-94.0097
MN,Minnesota River Station,7844,2021,28.57,44.795,-93.5808
MN,New Ulm,2001,2021,,44.3159,-94.4578
MN,Northshore Mining Silver Bay Power,10849,2021,,47.286,-91.26
MN,Pleasant Valley Station,7843,2021,11070.8,43.7997,-92.6819
MN,Riverside (1927),1927,2021,80700.306,45.0203,-93.2753
MN,Rock Lake Station,6741,2021,,45.819,-92.9702
MN,Sherburne County,6090,2021,2949613.458,45.3792,-93.8958
MN,Solway Plant,7947,2021,6136.926,47.5444,-95.1297
MN,St. Bonifacius Station,6824,2021,,44.905,-93.821
MN,Taconite Harbor Energy Center,10075,2021,,47.5314,-90.9111
MO,Audrain Power Plant,55234,2021,11.165,39.3092,-91.5369
MO,Chillicothe,2122,2021,,39.784,-93.562
MO,Columbia,2123,2021,13659.694,38.9658,-92.3175
MO,Columbia Energy Center (MO),55447,2021,839.373,39.0183,-92.2633
MO,Dogwood Energy Facility,55178,2021,134350.711,38.7931,-94.3006
MO,Empire District Elec Co Energy Ctr,6223,2021,62195.627,37.1385,-94.1041
MO,Essex Power Plant,7749,2021,16438.008,36.8678,-89.8397
MO,Fairgrounds,2082,2021,,38.5935,-92.2203
MO,Greenwood Energy Center,6074,2021,,38.8615,-94.2982
MO,Hawthorn,2079,2021,757130.051,39.1306,-94.4778
MO,Higginsville Municipal Power Plant,2131,2021,,39.0721,-93.721
MO,Holden Power Plant,7848,2021,22024.518,38.7538,-93.9983
MO,Iatan,6065,2021,1981785.068,39.4472,-94.98
MO,James River,2161,2021,28374.792,37.1086,-93.2592
MO,John Twitty Energy Center,6195,2021,551548.897,37.1519,-93.3892
MO,Labadie,2103,2021,4338510.068,38.5583,-90.8361
MO,Lake Road,2098,2021,5462.358,39.7246,-94.8773
MO,McCartney Generating Station,7903,2021,3112.945,37.2479,-93.1709
MO,Meramec,2104,2021,150411.04,38.4017,-90.3358
MO,Mexico,6650,2021,,39.1481,-91.8306
MO,Moberly,6651,2021,,39.4244,-92.4837
MO,Moreau,6652,2021,,38.5553,-92.102
MO,New Madrid Power Plant,2167,2021,1471961.556,36.5147,-89.5617
MO,Nodaway Power Plant,7754,2021,8903.856,40.2877,-94.7913
MO,Northeast Generating Station,2081,2021,,39.1231,-94.5605
MO,Peno Creek Energy Center,7964,2021,403.936,39.3531,-91.2295
MO,Ralph Green Station,2092,2021,,38.7865,-94.2768
MO,Rush Island,6155,2021,2192722.391,38.1306,-90.2625
MO,Sikeston,6768,2021,532507.736,36.8791,-89.6209
MO,Sioux,2107,2021,1307327.572,38.9158,-90.2917
MO,South Harper Peaking Facility,56151,2021,7416.42,38.6803,-94.4824
MO,St. Francis Power Plant,7604,2021,88736.05,36.5852,-90.1779
MO,State Line (MO),7296,2021,235074.462,37.0659,-94.614
MO,Thomas Hill Energy Center,2168,2021,2378203.583,39.5531,-92.6392
MS,Ackerman Combined Cycle Plant,55694,2021,355041.972,33.3806,-89.2039
MS,Attala Generating Plant,55220,2021,281609.285,33.0142,-89.6758
MS,Batesville Generation Facility,55063,2021,236061.587,34.3345,-89.9272
MS,Baxter Wilson,2050,2021,49250.086,32.2831,-90.9306
MS,Caledonia,55197,2021,356527.359,33.6464,-88.2717
MS,Chevron Cogenerating Station,2047,2021,111635.096,30.34,-88.492
MS,Choctaw County Gen,55706,2021,496056.896,33.2881,-89.4201
MS,Crossroads Energy Center (CPU),55395,2021,24765.748,34.183,-90.5621
MS,Daniel Electric Generating Plant,6073,2021,1899280.884,30.5335,-88.5574
MS,David M Ratcliffe,57037,2021,480873.845,32.6538,-88.7574
MS,Gerald Andrus,8054,2021,47588.512,33.3503,-91.1181
MS,Hinds Energy Facility,55218,2021,320221.353,32.3781,-90.2169
MS,Kemper County,7960,2021,19096.86,32.7976,-88.6057
MS,Magnolia Combined Cycle Plant,55451,2021,537252.472,34.8358,-89.2017
MS,Moselle Generation Complex,2070,2021,209060.815,31.5289,-89.2992
MS,Red Hills Generation Facility,55076,2021,983413.725,33.3761,-89.2183
MS,Silver Creek Generating Plant,7988,2021,19504.16,31.6004,-89.9468
MS,Southaven Combined Cycle Plant,55269,2021,466434.562,34.9939,-90.039
MS,Sweatt Electric Generating Plant,2048,2021,,32.2925,-88.7461
MS,Sylvarena Generating Plant,7989,2021,20408.067,31.9842,-89.4131
MS,Watson Electric Generating Plant,2049,2021,161131.847,30.4408,-89.0265
MT,Colstrip,6076,2021,3118390.69,45.8831,-106.614
MT,Culbertson Station,56606,2021,,48.2104,-104.3919
MT,Dave Gates Generating Station,56908,2021,35136.163,46.1066,-112.8755
MT,Glendive Generating Station,2176,2021,1215.559,47.0539,-104.74
MT,Hardin Generating Station,55749,2021,120234.537,45.7578,-107.6
MT,Lewis & Clark,6089,2021,96367.306,47.6788,-104.1569
NC,Asheville,2706,2021,442662.644,35.4714,-82.5431
NC,Belews Creek,8042,2021,2177470.19,36.2811,-80.0603
NC,Blewett,2707,2021,,34.9815,-79.8771
NC,Buck,2720,2021,471959.165,35.7133,-80.3767
NC,Butler-Warner Generation Plant,1016,2021,,35.0986,-78.8294
NC,CPI USA North Carolina Roxboro,10379,2021,,36.435,-78.9619
NC,CPI USA North Carolina Southport,10378,2021,,33.9444,-78.0125
NC,Cleveland County Generating Facility,57029,2021,24221.68,35.1706,-81.4161
NC,Cliffside,2721,2021,1021292.318,35.22,-81.7594
NC,Craven County Wood Energy,10525,2021,102171.79,35.1285,-77.17
NC,Dan River,2723,2021,453015.974,36.4862,-79.7208
NC,G G Allen,2718,2021,,35.1897,-81.0122
NC,H F Lee Steam Electric Plant,2709,2021,465782.948,35.3775,-78.0875
NC,Kings Mountain Energy Center,59325,2021,246148.051,35.1986,-81.3604
NC,L V Sutton,2713,2021,480405.684,34.2824,-77.9864
NC,Lincoln Combustion Turbine,7277,2021,44267.032,35.4317,-81.0347
NC,Marshall,2727,2021,1480645.077,35.5975,-80.9658
NC,Mayo,6250,2021,650594.736,36.5278,-78.8917
NC,NC Renewable Power - Lumberton LLC,10382,2021,,34.59,-78.9968
NC,NCEMC Anson Plant,56249,2021,12568.848,34.9708,-79.9208
NC,NCEMC Hamlet Plant,56292,2021,5333.931,34.8422,-79.7367
NC,Plant Rowan County,7826,2021,384023.525,35.7325,-80.6019
NC,Richmond County Plant,7805,2021,961337.189,34.8422,-79.7444
NC,Rockingham County Combustion Turbine,55116,2021,43791.717,36.3297,-79.8297
NC,Rosemary Power Station,50555,2021,5129.332,36.4525,-77.6594
NC,Roxboro,2712,2021,1763705.449,36.4833,-79.0731
NC,W H Weatherspoon,2716,2021,684.9,34.5889,-78.975
ND,Antelope Valley,6469,2021,1745701.794,47.3714,-101.8344
ND,Coal Creek,6030,2021,2615913.416,47.3761,-101.1567
ND,Coyote,8222,2021,769228.924,47.2217,-101.8139
ND,Leland Olds,2817,2021,1053039.588,47.2819,-101.3194
ND,Lonesome Creek Station,57943,2021,96835.093,47.7966,-103.5783
ND,Milton R Young,2823,2021,1369847.613,47.0664,-101.2139
ND,Pioneer Generating Station,57881,2021,45635.682,48.2325,-103.9528
ND,R M Heskett,2790,2021,159117.573,46.8669,-100.8839
ND,Spiritwood Station,56786,2021,86735.3,46.925,-98.5
NE,Beatrice,8000,2021,67291.749,40.3286,-96.8067
NE,C W Burdick,2241,2021,2455.13,40.9228,-98.3269
NE,Canaday,2226,2021,2529.5,40.6941,-99.7005
NE,Cass County Station,55972,2021,34894.343,40.9472,-95.9667
NE,Gerald Gentleman Station,6077,2021,1634374.05,41.0808,-101.1408
NE,Gerald Whelan Energy Center,60,2021,356829.196,40.5806,-98.3106
NE,Hallam Peaking,2265,2021,,40.5587,-96.7862
NE,Hebron Peaking,2266,2021,,40.1879,-97.5779
NE,J Street,2250,2021,,40.8078,-96.7107
NE,Jones Street,2290,2021,,41.2517,-95.9235
NE,Lon D Wright Power Plant,2240,2021,129690.804,41.4275,-96.4619
NE,McCook Peaking,2271,2021,,40.2209,-100.6511
NE,Nebraska City Station,6096,2021,1652498.853,40.6215,-95.7765
NE,North Omaha Station,2291,2021,380613.537,41.3297,-95.9458
NE,Platte,59,2021,146887.15,40.8538,-98.3481
NE,Rokeby,6373,2021,9780.405,40.7316,-96.7364
NE,Sarpy County Station,2292,2021,11595.263,41.1706,-95.9692
NE,Sheldon,2277,2021,201105.312,40.5589,-96.7842
NE,Terry Bundy Generating Station,7887,2021,24707.801,40.9108,-96.6147
NH,Burgess BioPower,58054,2021,237817.663,44.4719,-71.1753
NH,Granite Ridge Energy,55170,2021,253103.789,42.9043,-71.4251
NH,Merrimack,2364,2021,234315.934,43.1411,-71.4692
NH,Newington,8002,2021,9254.552,43.0974,-70.7834
NH,Newington Energy,55661,2021,64684.514,43.1047,-70.8044
NH,Schiller,2367,2021,,43.0978,-70.7842
NJ,Bayonne Energy Center,56964,2021,53119.395,40.6529,-74.0916
NJ,Bergen Generating Station,2398,2021,191172.139,40.8375,-74.0244
NJ,Burlington Generating Station,2399,2021,464.217,40.0753,-74.8781
NJ,"Camden Plant Holding, LLC",10751,2021,1801.901,39.9175,-75.1192
NJ,Carlls Corner Energy Center,2379,2021,335.6,39.4547,-75.2011
NJ,Carneys Point,10566,2021,238955.885,39.6928,-75.4867
NJ,Clayville,58235,2021,2156.134,39.4245,-75.0201
NJ,Cumberland Energy Center,5083,2021,5554.848,39.3757,-74.9654
NJ,"E F Kenilworth, Inc.",10805,2021,,40.6781,-74.2744
NJ,"EFS Parlin Holdings, LLC",50799,2021,,40.4586,-74.3327
NJ,Eagle Point Power Generation,50561,2021,2389.064,39.8746,-75.1592
NJ,Elmwood Park Power - LLC,50852,2021,,40.9056,-74.1308
NJ,Essex,2401,2021,217.887,40.7375,-74.1211
NJ,Forked River Power,7138,2021,,39.8154,-74.2098
NJ,Gilbert Generating Station,2393,2021,783.326,40.5661,-75.165
NJ,Howard M Down,2434,2021,2247.409,39.4889,-75.0347
NJ,Kearny Generating Station,2404,2021,27736.668,40.7375,-74.1
NJ,Lakewood,54640,2021,2418.385,40.0613,-74.1686
NJ,Linden Cogeneration Facility,50006,2021,808748.464,40.6322,-74.2156
NJ,Linden Generating Station,2406,2021,243599.338,40.6225,-74.2097
NJ,Logan Generating Plant,10043,2021,178054.357,39.7914,-75.4081
NJ,Mickleton Energy Center,8008,2021,,39.8139,-75.2508
NJ,Newark Bay Cogen,50385,2021,2692.94,40.7197,-74.13
NJ,Newark Energy Center,58079,2021,381831.219,40.7082,-74.1284
NJ,North Jersey Energy Associates,10308,2021,9019.976,40.439,-74.3444
NJ,Ocean Peaking Power,55938,2021,2053.867,40.0606,-74.1672
NJ,Pedricktown Cogeneration Plant,10099,2021,1706.249,39.7661,-75.4242
NJ,"Red Oak Power, LLC",55239,2021,23143.789,40.4481,-74.3497
NJ,Salem Generating Station,2410,2021,,39.4625,-75.5333
NJ,Sayreville,2390,2021,,40.4753,-74.3552
NJ,Sewaren Generating Station,2411,2021,330809.776,40.5564,-74.2461
NJ,Sherman Avenue,7288,2021,,39.451,-75.0578
NJ,West Deptford Energy Station,56963,2021,9792.967,39.8418,-75.2214
NJ,West Station,6776,2021,47.4,39.4903,-75.0486
NJ,Woodbridge Energy Center,57839,2021,171045.318,40.515,-74.3192
NM,Afton Generating Station,55210,2021,45321.812,32.1134,-106.848
NM,Bluffview Power Plant,55977,2021,53104.963,36.7164,-108.2153
NM,Cunningham,2454,2021,124316.137,32.7131,-103.3533
NM,Four Corners Steam Elec Station,2442,2021,1891509.892,36.69,-108.4814
NM,Hobbs Generating Station,56458,2021,466537.103,32.7282,-103.3095
NM,La Luz Energy Center,58284,2021,1837.538,34.6178,-106.817
NM,Lordsburg Generating Station,7967,2021,1561.185,32.3494,-108.6975
NM,Luna Energy Facility,55343,2021,311788.189,32.2983,-107.78
NM,Maddox,2446,2021,52055.115,32.7131,-103.31
NM,Pyramid Generating Station,7975,2021,8159.773,32.2363,-108.5494
NM,Reeves Generating Station,2450,2021,4721.911,35.1716,-106.6019
NM,Rio Bravo Generating Station,55039,2021,6781.123,35.026,-106.644
NM,Rio Grande,2444,2021,103174.031,31.8047,-106.5472
NM,San Juan,2451,2021,1533315.295,36.8006,-108.4386
NM,Valencia Power Plant,55802,2021,6412.769,34.6063,-106.732
NV,Apex Generating Station,55514,2021,331575.488,36.4178,-114.9622
NV,Chuck Lenzie Generating Station,55322,2021,726487.278,36.3853,-114.9228
NV,Clark,2322,2021,16614.826,36.0875,-115.0507
NV,Desert Star Energy Center,55077,2021,67913.915,35.7867,-114.9928
NV,Fort Churchill,2330,2021,51628.827,39.1281,-119.1319
NV,Harry Allen,7082,2021,323264.736,36.425,-114.9
NV,Las Vegas Generating Station,10761,2021,11630.086,36.2317,-115.1235
NV,North Valmy,8224,2021,38664.865,40.8831,-117.1542
NV,Silverhawk,55841,2021,90797.049,36.4078,-114.9603
NV,Sun Peak Generating Station,54854,2021,622.607,36.1392,-115.034
NV,TS Power Plant,56224,2021,337516.03,40.7458,-116.5297
NV,Tracy,2336,2021,459753.267,39.5625,-119.525
NV,Walter M. Higgins III Generating Station,55687,2021,284722.744,35.6139,-115.3561
NY,23rd and 3rd,7910,2021,3040.041,40.663,-74
NY,59th Street,2503,2021,,40.7711,-73.9911
NY,74th Street,2504,2021,97233.975,40.768,-73.9515
NY,AG - Energy,10803,2021,,44.7258,-75.4417
NY,Allegany Station No. 133,10619,2021,2697.226,42.5083,-78.0661
NY,Arthur Kill,2490,2021,86118.829,40.5915,-74.2027
NY,Astoria Energy,55375,2021,415452.331,40.7825,-73.8964
NY,Astoria Gas Turbine Power,55243,2021,3459.6,40.7864,-73.9133
NY,Astoria Generating Station,8906,2021,114111.217,40.7869,-73.9122
NY,Athens Generating Company,55405,2021,12744.69,42.2728,-73.8492
NY,Batavia Energy,54593,2021,,42.9828,-78.1592
NY,Bayswater Peaking Facility,55699,2021,20380.193,40.6106,-73.7614
NY,"Beaver Falls, LLC",10617,2021,,43.8861,-75.4342
NY,Bethlehem Energy Center (Albany),2539,2021,405199.538,42.5905,-73.7636
NY,Bethpage Energy Center,50292,2021,138672.025,40.7469,-73.4994
NY,"Black River Generation, LLC",10464,2021,148097.599,44.0361,-75.7712
NY,Bowline Generating Station,2625,2021,149816.938,41.2044,-73.9689
NY,Brentwood,7912,2021,8133.276,40.787,-73.2933
NY,Brooklyn Navy Yard Cogeneration,54914,2021,322376.744,40.6994,-73.9758
NY,Caithness Long Island Energy Center,56234,2021,275919.152,40.8142,-72.9403
NY,Carr Street Generating Station,50978,2021,13519.928,43.0611,-76.0819
NY,Carthage Energy,10620,2021,164.338,43.9842,-75.6225
NY,"Castleton Power, LLC",10190,2021,30428.387,42.5375,-73.7433
NY,"Cayuga Operating Company, LLC",2535,2021,,42.6028,-76.6336
NY,Covanta Niagara,50472,2021,1778.4,43.0839,-79.0056
NY,Cricket Valley Energy Center,57185,2021,171440.716,41.6762,-73.5806
NY,Danskammer Generating Station,2480,2021,798.947,41.573,-73.9646
NY,E F Barrett,2511,2021,228169.401,40.6169,-73.6486
NY,East Hampton Facility,2512,2021,654.924,40.9619,-72.2095
NY,East River,2493,2021,644899.55,40.7281,-73.9742
NY,Edgewood Energy,55786,2021,9609.143,40.7861,-73.2931
NY,"Empire Generating Co, LLC",56259,2021,393040.295,42.6296,-73.749
NY,Equus  Power I,56032,2021,11643.935,40.6447,-73.5683
NY,Fortistar North Tonawanda Inc,54131,2021,103.118,43.0483,-78.8539
NY,Freeport Power Plant No. 2,2679,2021,5674.7,40.6447,-73.5683
NY,Glenwood,2514,2021,396.5,40.8269,-73.6479
NY,Glenwood Landing Energy Center,7869,2021,15151.45,40.8275,-73.6478
NY,Gowanus Generating Station,2494,2021,1390.5,40.6635,-74.0051
NY,Greenidge Generation LLC,2527,2021,50648.9,42.6789,-76.9483
NY,Harlem River Yard,7914,2021,3262.849,40.7989,-73.9147
NY,"Hawkeye Energy Greenport, LLC",55969,2021,303.067,41.1056,-72.3767
NY,Hell Gate,7913,2021,3305.666,40.7988,-73.9093
NY,Hillburn,2628,2021,52.136,41.1269,-74.1653
NY,Holtsville Facility,8007,2021,10447.4,40.8153,-73.0664
NY,Hudson Avenue,2496,2021,77,40.7052,-73.9807
NY,Indeck-Corinth Energy Center,50458,2021,65860.05,43.25,-73.8125
NY,Indeck-Olean Energy Center,54076,2021,3876.975,42.0875,-78.4578
NY,Indeck-Oswego Energy Center,50450,2021,1502.95,43.4682,-76.4965
NY,Indeck-Silver Springs Energy Center,50449,2021,7855.95,42.6544,-78.0772
NY,Indeck-Yerkes Energy Center,50451,2021,791.075,42.9671,-78.9182
NY,Independence,54547,2021,364517.675,43.495,-76.4508
NY,KIAC Cogeneration,54114,2021,80048.78,40.6417,-73.7778
NY,Lockport,54041,2021,12376.296,43.1622,-78.7453
NY,Massena Energy Facility,54592,2021,277.588,44.9503,-74.8928
NY,Nassau Energy Corporation,52056,2021,52290.927,40.7259,-73.5885
NY,Nissequogue Energy Center,54149,2021,57966.642,40.9168,-73.1292
NY,North 1st,7915,2021,1535.149,40.7168,-73.9665
NY,Northport,2516,2021,790474.377,40.9231,-73.3417
NY,Oswego Harbor Power,2594,2021,15372.008,43.46,-76.53
NY,Pinelawn Power,56188,2021,606.551,40.7358,-73.3881
NY,Poletti 500 MW CC,56196,2021,242535.11,40.7881,-73.9056
NY,Port Jefferson Energy Center,2517,2021,52058.907,40.9503,-73.0786
NY,Pouch Terminal,8053,2021,2507.378,40.6188,-74.069
NY,"RED-Rochester, LLC-Eastman Business Park",10025,2021,,43.1969,-77.6289
NY,Ravenswood Generating Station,2500,2021,199293.378,40.7585,-73.9451
NY,Ravenswood Steam Plant,880100,2021,,40.76,-73.75
NY,Rensselaer Cogen,54034,2021,5762.251,42.63,-73.75
NY,Richard M Flynn (Holtsville),7314,2021,45176.437,40.8153,-73.0644
NY,Roseton Generating LLC,8006,2021,19419.496,41.5711,-73.9739
NY,S A Carlson,2682,2021,11622.375,42.0917,-79.2417
NY,"Saranac Power Partners, LP",54574,2021,14348.015,44.7132,-73.4557
NY,Selkirk Cogen Partners,10725,2021,4443.551,42.5744,-73.8592
NY,Shoemaker,2632,2021,6.462,41.4278,-74.4186
NY,Shoreham Energy,55787,2021,3561.901,40.9572,-72.8664
NY,Somerset Operating Company  (Kintigh),6082,2021,,43.3561,-78.6039
NY,Sterling Power Plant,50744,2021,,43.0803,-75.6003
NY,"Syracuse, LLC",10621,2021,491.679,43.0667,-76.2246
NY,Ticonderoga Mill,54099,2021,,43.8914,-73.3961
NY,Valley Energy Center,56940,2021,555917.006,41.413,-74.435
NY,Vernon Boulevard,7909,2021,3396.452,40.7539,-73.9506
NY,Wading River Facility,7146,2021,5012.75,40.9569,-72.8774
NY,West Babylon Facility,2521,2021,,40.6953,-73.3497
OH,AMP-Ohio Gas Turbines Bowling Green,55262,2021,,41.3989,-83.6411
OH,AMP-Ohio Gas Turbines Galion,55263,2021,,40.7167,-82.789
OH,AMP-Ohio Gas Turbines Napoleon,55264,2021,,41.4077,-84.1092
OH,Avon Lake Power Plant,2836,2021,212082.251,41.5042,-82.05
OH,Bay Shore,2878,2021,320438.492,41.6925,-83.4375
OH,Cardinal,2828,2021,3139383.999,40.2522,-80.6486
OH,Carroll County Energy,59773,2021,486992.921,40.6048,-81.0592
OH,"Clean Energy Future - Lordstown, LLC",60376,2021,722428.715,41.1489,-80.8516
OH,Darby Electric Generating Station,55247,2021,2294.9,39.7139,-83.1778
OH,Dresden Energy Facility,55350,2021,480872.2,40.0935,-82.0267
OH,"Dynegy Dicks Creek, LLC",2831,2021,,39.465,-84.3775
OH,"Dynegy Hanging Rock II, LLC",55736,2021,1066646.355,38.5731,-82.7833
OH,"Dynegy Washington II, LLC",55397,2021,539969.2,39.5798,-81.6571
OH,Eastlake,2837,2021,,41.6713,-81.4432
OH,Frank M Tait Station,2847,2021,18761.3,39.7281,-84.2103
OH,Fremont Energy Center,55701,2021,434151.164,41.3781,-83.1647
OH,Gen J M Gavin,8102,2021,4990645.994,38.9347,-82.1158
OH,Greenville Electric Gen Station,55228,2021,71571.1,40.0747,-84.6147
OH,Hamilton Municipal Power Plant,2917,2021,,39.4099,-84.5544
OH,Kyger Creek,2876,2021,1610161.739,38.9161,-82.1281
OH,Madison Generating Station,55110,2021,21418.066,39.4522,-84.465
OH,Miami Fort Power Station,2832,2021,1988831.981,39.1131,-84.8031
OH,Middletown Energy Center,59326,2021,330325.54,39.4679,-84.3531
OH,Niles,2861,2021,,41.1667,-80.75
OH,O H Hutchings,2848,2021,,39.6094,-84.2931
OH,Omega JV2 Bowling Green,7783,2021,,41.3883,-83.6406
OH,Omega JV2 Hamilton,7782,2021,,39.3528,-84.5183
OH,Oregon Clean Energy Center,59764,2021,690906.349,41.6679,-83.4437
OH,Richland Peaking Station,2880,2021,16203.784,41.3033,-84.3386
OH,Robert P Mone,7872,2021,6588.2,40.9297,-84.7392
OH,Rolling Hills Generating LLC,55401,2021,6535.269,39.0839,-82.3328
OH,Tait Electric Generating Station,55248,2021,58376.8,39.7286,-84.2106
OH,"Troy Energy, LLC",55348,2021,34244.75,41.4774,-83.4616
OH,W H Sammis,2866,2021,1576534.913,40.5308,-80.6311
OH,W H Zimmer Generating Station,6019,2021,216684.416,38.8689,-84.2286
OH,Waterford Plant,55503,2021,691930.464,39.5314,-81.7172
OH,West Lorain,2869,2021,18415.244,41.4297,-82.2633
OH,Woodsdale,7158,2021,6070.438,39.4492,-84.4611
OK,Anadarko,3006,2021,52675.707,35.0847,-98.23
OK,Charles D Lamb Energy Center,58325,2021,10256.614,36.8138,-97.1252
OK,Chouteau Power Plant,7757,2021,519983.646,36.2206,-95.2756
OK,Comanche (8059),8059,2021,43654.143,34.5431,-98.3244
OK,Frontier Generating Station,50558,2021,37092.188,35.442,-97.6477
OK,Grand River Dam Authority,165,2021,461052.958,36.1906,-95.2889
OK,"Green Country Energy, LLC",55146,2021,347167.446,35.9833,-95.9346
OK,Horseshoe Lake,2951,2021,13423.697,35.5089,-97.1789
OK,Hugo,6772,2021,353532.166,34.0158,-95.3206
OK,McClain Energy Facility,55457,2021,259815.101,35.2979,-97.5896
OK,Mooreland,3008,2021,11990.925,36.4375,-99.2208
OK,Muskogee,2952,2021,728481.172,35.7617,-95.2847
OK,Mustang,2953,2021,134189.265,35.4711,-97.6733
OK,Northeastern,2963,2021,855300.701,36.4317,-95.7008
OK,Oneta Energy Center,55225,2021,379067.192,36.0119,-95.6967
OK,Ponca,762,2021,868.94,36.7205,-97.0868
OK,Redbud Power Plant,55463,2021,506777.324,35.6853,-97.2242
OK,River Valley,10671,2021,143457.535,35.1931,-94.6458
OK,Riverside (4940),4940,2021,15309.38,35.9978,-95.9567
OK,Seminole (2956),2956,2021,138519.871,34.9678,-96.7242
OK,Sooner,6095,2021,892580.796,36.4537,-97.0527
OK,Southwestern,2964,2021,90586.314,35.1009,-98.3524
OK,Spring Creek Power Plant,55651,2021,4663.429,35.7422,-97.655
OK,Tenaska Kiamichi Generating Station,55501,2021,515789.628,34.6831,-95.9349
OK,Tulsa,2965,2021,44031.69,36.1125,-95.9917
OR,Boardman,6106,2021,,45.6933,-119.8056
OR,Carty Generating Station,58503,2021,362397.125,45.699,-119.8131
OR,Coyote Springs,7350,2021,337765.579,45.8486,-119.6744
OR,Hermiston,54761,2021,257195.438,45.8042,-119.37
OR,Hermiston Power Plant,55328,2021,483413.904,45.7934,-119.313
OR,Klamath Cogeneration Project,55103,2021,355123.37,42.174,-121.8112
OR,Klamath Generation Peakers,55544,2021,3204.495,42.1727,-121.8144
OR,Port Westward,56227,2021,335610.066,46.1792,-123.1717
PA,AdvanSix Resins & Chemicals LLC,880007,2021,,40.0067,-75.0686
PA,"Armstrong Power, LLC",55347,2021,60178.239,40.6383,-79.3503
PA,Bethlehem Power Plant,55690,2021,186837.649,40.6175,-75.3147
PA,Birdsboro Power,61035,2021,332524.939,40.2683,-75.8
PA,Bruce Mansfield,6094,2021,,40.6344,-80.42
PA,"Brunner Island, LLC",3140,2021,855805.911,40.097,-76.6962
PA,Brunot Island Power Station,3096,2021,2298.008,40.4638,-80.044
PA,"CPV Fairview, LLC",60589,2021,661129.676,40.4125,-78.8561
PA,Chambersburg Units 12 & 13,55654,2021,7350.838,39.8668,-77.6859
PA,Cheswick,8226,2021,329128.06,40.5383,-79.7906
PA,Colver Green Energy,10143,2021,235738.491,40.55,-78.8
PA,Conemaugh,3118,2021,3010005.88,40.3842,-79.0611
PA,Croydon Generating Station,8012,2021,,40.08,-74.8917
PA,"Dynegy Fayette II, LLC",55516,2021,525706.456,39.8592,-79.9182
PA,Ebensburg Power Company,10603,2021,153249.824,40.455,-78.7472
PA,Eddystone Generating Station,3161,2021,,39.858,-75.323
PA,Fairless Energy Center,55298,2021,704937.079,40.1464,-74.7406
PA,Gans Generating Facility,55377,2021,7927.305,39.7475,-79.8388
PA,Gilberton Power Company,10113,2021,243566.762,40.79,-76.1984
PA,Grays Ferry Cogen Partnership,54785,2021,183269.015,39.9417,-75.1883
PA,Hamilton Liberty Generation Plant,58420,2021,693850.7,41.7674,-76.3899
PA,Hamilton Patriot Generation Plant,58426,2021,681362.881,41.8083,-76.8392
PA,Handsome Lake Energy,55233,2021,12362.8,41.2908,-79.8061
PA,Hazleton Generation,10870,2021,17990.01,40.9282,-76.0416
PA,Helix Ironwood LLC,55337,2021,446851.704,40.3509,-76.3658
PA,Hickory Run Energy Station,61028,2021,675821.722,40.9951,-80.4301
PA,Homer City,3122,2021,1751814.384,40.511,-79.1968
PA,Hunlock Creek Energy Center,3176,2021,17567.87,41.2033,-76.0683
PA,Hunlock Unit 4,56397,2021,4450.636,41.2033,-76.0683
PA,Hunterstown Combined Cycle,55976,2021,613888.074,39.8725,-77.1672
PA,Keystone,3136,2021,2669882.088,40.6604,-79.3411
PA,Lackawanna Energy Center,60357,2021,1195196.037,41.4711,-75.5436
PA,Liberty Electric Power Plant,55231,2021,457858.191,39.8622,-75.3361
PA,"Lower Mount Bethel Energy, LLC",55667,2021,409719.688,40.8011,-75.105
PA,"Marcus Hook Energy, LP",55801,2021,420364.79,39.8083,-75.4225
PA,"Martins Creek, LLC",3148,2021,106.332,40.796,-75.107
PA,Merck & Company - West Point,52149,2021,,40.2128,-75.3022
PA,"Montour, LLC",3149,2021,225862.926,41.0714,-76.6672
PA,Mountain,3111,2021,,40.1219,-77.1761
PA,Moxie Freedom Generation Plant,59906,2021,816443.963,41.1117,-76.16
PA,Mt. Carmel Cogeneration,10343,2021,,40.8092,-76.4539
PA,New Castle,3138,2021,20220.869,40.9378,-80.3681
PA,Northampton Generating Plant,50888,2021,37106.969,40.6917,-75.4792
PA,Ontelaunee Energy Center,55193,2021,472695.302,40.4219,-75.9353
PA,PEI Power Corporation,50279,2021,,41.4844,-75.5403
PA,Panda Hummel Station,60368,2021,708681.548,40.839,-76.8255
PA,Panther Creek Energy Facility,50776,2021,,40.8556,-75.8781
PA,Philadelphia Refinery,52106,2021,,39.9058,-75.2122
PA,Pixelle Specialty Solutions,50397,2021,,39.8717,-76.8664
PA,Portland,3113,2021,446.261,40.91,-75.0789
PA,Richmond,3168,2021,,39.9853,-75.0733
PA,SPMT Marcus Hook Industrial Complex,880107,2021,,39.8076,-75.4239
PA,Scrubgrass Generating Plant,50974,2021,115877.847,41.2678,-79.8114
PA,Seward,3130,2021,887297.465,40.4081,-79.0339
PA,Shawville,3131,2021,62108.881,41.067,-78.3656
PA,Springdale Generating Station (55196),55196,2021,12088.906,40.5447,-79.7678
PA,Springdale Generating Station (55710),55710,2021,433659.834,40.5456,-79.7669
PA,St. Nicholas Cogeneration Project,54634,2021,327750.362,40.8222,-76.1736
PA,Tenaska Westmoreland Generating Station,60464,2021,795223.1,40.1764,-79.6934
PA,Tolna,3116,2021,,39.7636,-76.6345
PA,Trainer Refinery,880025,2021,,39.8228,-75.4033
PA,US Steel (Edgar Thomson),50732,2021,,40.3925,-79.8564
PA,Veolia Energy Philadelphia - Edison Sta,880006,2021,,39.949,-75.1557
PA,Veolia Energy Philadelphia - Schuylkill,50607,2021,,39.9422,-75.1875
PA,"WPS Westwood Generation, LLC",50611,2021,78507.598,40.6191,-76.45
PA,Warren,3132,2021,,41.8358,-79.19
PA,York Energy Center,55524,2021,816067.35,39.738,-76.3072
RI,Manchester Street Station,3236,2021,50269.925,41.8167,-71.4042
RI,Ocean State Power,51030,2021,36758.625,42.0099,-71.6701
RI,Ocean State Power II,54324,2021,21720.019,42.0099,-71.6701
RI,"Pawtucket Power Associates, LP",54056,2021,2424.713,41.861,-71.407
RI,Rhode Island State Energy Center,55107,2021,380097.376,41.8017,-71.5186
RI,"Tiverton Power, LLC",55048,2021,88784.621,41.6417,-71.17
SC,Broad River Energy Center,55166,2021,12302.78,35.0786,-81.575
SC,Cherokee County Cogen,55043,2021,19617.674,35.0727,-81.613
SC,Columbia Energy Center (SC),55386,2021,367071.117,33.8692,-81.0183
SC,Cope Station,7210,2021,282773.203,33.3642,-81.03
SC,Cross,130,2021,1983908.825,33.3692,-80.1119
SC,Darlington County,3250,2021,932.111,34.4185,-80.1657
SC,Hagood,3285,2021,1671,32.8265,-79.9634
SC,Hilton Head Gas Turbine Site,3318,2021,,32.2089,-80.6994
SC,Jasper County Generating Facility,55927,2021,442654.387,32.3592,-81.1236
SC,John S. Rainey Generating Station,7834,2021,466711.838,34.3477,-82.776
SC,McMeekin,3287,2021,48579.5,34.0533,-81.2178
SC,Mill Creek Combustion Turbine Station,7981,2021,7472.405,35.1597,-81.4306
SC,Myrtle Beach Gas Turbine Site,3320,2021,,33.7089,-78.9233
SC,Urquhart,3295,2021,128188.186,33.435,-81.9111
SC,W S Lee,3264,2021,541490.81,34.6022,-82.435
SC,Wateree,3297,2021,395094.507,33.8264,-80.6218
SC,Williams,3298,2021,853461.915,33.0163,-79.9285
SC,Winyah,6249,2021,1116965.406,33.3303,-79.3611
SD,Aberdeen Generating Station,3338,2021,4760.7,45.4287,-98.4932
SD,Angus Anson,7237,2021,15490.676,43.6033,-96.6369
SD,Big Stone,6098,2021,697425.635,45.3047,-96.5103
SD,Deer Creek Station,56610,2021,68006.357,44.3961,-96.5333
SD,Groton Generating Station,56238,2021,17691.435,45.3718,-98.1032
SD,Huron,3344,2021,,44.3696,-98.17
SD,Lange,55478,2021,2967.283,44.1212,-103.2608
TN,Allen,3393,2021,551352.492,35.0742,-90.1439
TN,Brownsville Combustion Turbine Plant,55081,2021,26262.175,35.5438,-89.198
TN,Bull Run,3396,2021,265557.989,36.0211,-84.1567
TN,Cumberland,3399,2021,3324804.366,36.3903,-87.6539
TN,Gallatin,3403,2021,938273.963,36.3156,-86.4006
TN,Gleason Combustion Turbine Plant,55251,2021,37227.471,36.2454,-88.612
TN,John Sevier,3405,2021,425855.579,36.3767,-82.9639
TN,Johnsonville,3406,2021,128235.834,36.0278,-87.9861
TN,Kingston,3407,2021,343046.12,35.8992,-84.5194
TN,Lagoon Creek,7845,2021,269006.76,35.6578,-89.3964
TN,Tate & Lyle-Loudon,880079,2021,,35.7433,-84.3208
TX,Air Liquide Bayport Complex,10298,2021,350962.278,29.6225,-95.0458
TX,Antelope Elk Energy Center,57865,2021,50591.119,33.8657,-101.8437
TX,Bacliff Generating Station,60264,2021,44208,29.4922,-94.9844
TX,Barney M. Davis,4939,2021,80506.413,27.6067,-97.3119
TX,Bastrop Clean Energy Center,55168,2021,129561.446,30.1458,-97.55
TX,Baytown Energy Center,55327,2021,409931.101,29.7731,-94.9019
TX,Blackhawk Station,55064,2021,274058.835,35.6957,-101.36
TX,Bosque County Power Plant,55172,2021,339171.592,31.8594,-97.3586
TX,"Brazos Valley Energy, LP",55357,2021,209670.986,29.4731,-95.6244
TX,C. R. Wing Cogeneration Plant,52176,2021,2598.907,32.2722,-101.4222
TX,Calpine Hidalgo Energy Center,7762,2021,256223.978,26.3389,-98.1708
TX,Carbon Capture Plant,58378,2021,,29.4753,-95.6341
TX,Cedar Bayou,3460,2021,79516.364,29.7483,-94.9272
TX,Cedar Bayou 4,56806,2021,149793.512,29.752,-94.923
TX,"Chamon Power, LLC",60460,2021,11621.946,29.8833,-95.1113
TX,Channel Energy Center,55299,2021,614488.447,29.7189,-95.2319
TX,Channelview Cogeneration Facility,55187,2021,784273.869,29.8356,-95.1242
TX,Coleto Creek,6178,2021,744622.022,28.7128,-97.2142
TX,Colorado Bend Energy Center,56350,2021,234703.167,29.2878,-96.0683
TX,Colorado Bend II,60122,2021,514910.667,29.2878,-96.0656
TX,Copper Station,9,2021,,31.7569,-106.375
TX,Corpus Christi Energy Center,55206,2021,273881.921,27.8139,-97.4283
TX,Cottonwood Energy Project,55358,2021,596959.614,30.2588,-93.7353
TX,Decker Creek,3548,2021,100132.012,30.3036,-97.6128
TX,Decordova,8063,2021,,32.4033,-97.6986
TX,Deer Park Energy Center,55464,2021,1013266.472,29.7153,-95.1361
TX,Eastman Cogeneration Facility,55176,2021,351338.665,32.4472,-94.6917
TX,Ector County Energy Center,58471,2021,3206.408,32.0694,-102.5856
TX,"Ennis Power Company, LLC",55223,2021,75966.577,32.3194,-96.6739
TX,Exelon Laporte Generating Station,55365,2021,25959.8,29.702,-95.071
TX,ExxonMobil Beaumont Refinery,50625,2021,614008.396,30.0639,-94.0703
TX,Forney Power Plant,55480,2021,703919.621,32.7563,-96.4916
TX,Freestone Power Generation,55226,2021,470611.118,31.8907,-96.1128
TX,Frontera Generation Facility,55098,2021,115814.572,26.208,-98.3992
TX,Graham,3490,2021,54603.977,33.135,-98.6117
TX,Greens Bayou,3464,2021,,29.8208,-95.2194
TX,Gregory Power Facility,55086,2021,,27.8881,-97.2572
TX,Guadalupe Generating Station,55153,2021,249129.184,29.6237,-98.1395
TX,H W Pirkey Power Plant,7902,2021,1028398.875,32.4607,-94.4852
TX,HO Clarke Generating,63335,2021,40300.71,29.6454,-95.4517
TX,Handley Generating Station,3491,2021,92319.765,32.7278,-97.2186
TX,Hardin County Peaking Facility,56604,2021,2768.558,30.3039,-94.2527
TX,Harrington Station,6193,2021,1374268.79,35.2972,-101.7475
TX,Harrison County Power Project,55664,2021,303935.462,32.3958,-94.4361
TX,Hays Energy Facility,55144,2021,236608.881,29.7806,-97.9894
TX,J K Spruce,7097,2021,1958364.115,29.3091,-98.3205
TX,J Robert Massengale Generating Station,3604,2021,15238.682,33.6039,-101.8408
TX,J T Deely,6181,2021,,29.3072,-98.3228
TX,Jack County Generation Facility,55230,2021,401441.914,33.101,-97.9574
TX,Johnson County Generation Facility,54817,2021,26069.898,32.3994,-97.4078
TX,Jones Station,3482,2021,108567.608,33.5239,-101.7392
TX,Knox Lee Power Plant,3476,2021,39345.942,32.3766,-94.6415
TX,Lake Hubbard,3452,2021,337.056,32.8364,-96.5464
TX,Lamar Power Plant,55097,2021,696645.383,33.6314,-95.589
TX,Laredo,3439,2021,16596.089,27.5667,-99.5083
TX,Leon Creek,3609,2021,24221.528,29.3511,-98.5753
TX,Lewis Creek,3457,2021,193959.852,30.4364,-95.5215
TX,Limestone,298,2021,2163454.88,31.4219,-96.2525
TX,Lost Pines 1,55154,2021,180317.223,30.1478,-97.27
TX,Magic Valley Generating Station,55123,2021,135684.081,26.3403,-98.19
TX,Martin Lake,6146,2021,3647073.586,32.2597,-94.5703
TX,Midlothian Energy,55091,2021,415767.522,32.4302,-97.0537
TX,Montana Power Station,58562,2021,110250.844,31.8239,-106.2119
TX,Montgomery County Power Station,60925,2021,378041.607,30.4358,-95.5206
TX,Morgan Creek,3492,2021,,32.3358,-100.9158
TX,Mountain Creek Generating Station,3453,2021,21773.305,32.7253,-96.9361
TX,Mustang Station,55065,2021,109308.426,32.9728,-102.7417
TX,Mustang Station (56326),56326,2021,71493.063,32.9748,-102.7432
TX,Nacogdoches Generating Facility,55708,2021,,31.8326,-94.9006
TX,New Gulf Power Facility,50137,2021,,29.2639,-95.8997
TX,Newman,3456,2021,263584.381,31.9858,-106.4322
TX,Nichols Station,3484,2021,96517.989,35.2825,-101.7458
TX,Nueces Bay,3441,2021,81331.381,27.8182,-97.4189
TX,O W Sommers,3611,2021,100432.76,29.3078,-98.3244
TX,Oak Grove,6180,2021,2884448.734,31.185,-96.4853
TX,Odessa Ector Generating Station,55215,2021,462769.243,31.8378,-102.3278
TX,"Optim Energy Altura Cogen, LLC",50815,2021,529717.283,29.8169,-95.1086
TX,Panda Sherman Power Station,58005,2021,161428.135,33.5756,-96.6158
TX,Panda Temple Power Station,58001,2021,420248.902,31.0558,-97.3172
TX,Paris Energy Center,50109,2021,57306.021,33.6968,-95.5577
TX,Pasadena Power Plant,55047,2021,347557.199,29.7233,-95.1769
TX,Permian Basin,3494,2021,44807.657,31.5839,-102.9636
TX,Plant X,3485,2021,83675.721,34.1661,-102.4114
TX,Port Comfort Peaking Facility,60459,2021,12013.614,28.648,-96.5457
TX,Power Lane Steam Plant,4195,2021,9282.65,33.1707,-96.1264
TX,Quail Run Energy Center,56349,2021,44842.099,31.8414,-102.315
TX,R W Miller,3628,2021,27973.184,32.6581,-98.3103
TX,Ray Olinger,3576,2021,17849.95,33.0667,-96.4519
TX,"Rio Nogales Power Project, LP",55137,2021,396451.598,29.5932,-97.9724
TX,Roland C. Dansby Power Plant,6243,2021,44950.204,30.7217,-96.4599
TX,SRO Cogen Limited Partnership,55120,2021,426070.962,30.0561,-93.7539
TX,Sabine,3459,2021,582124.138,30.0242,-93.875
TX,Sam Rayburn Plant,3631,2021,33331.766,28.8947,-97.1347
TX,Sam Seymour,6179,2021,2976406.639,29.9172,-96.7506
TX,San Jacinto County Peaking Facility,56603,2021,40606.711,30.42,-95.0114
TX,San Jacinto Steam Electric Station,7325,2021,153518.484,29.6967,-95.0411
TX,San Miguel,6183,2021,523903.337,28.7044,-98.4781
TX,Sand Hill Energy Center,7900,2021,203504.38,30.2091,-97.6139
TX,Sandy Creek Energy Station,56611,2021,1066571.564,31.4753,-96.9564
TX,Silas Ray,3559,2021,10702.442,25.9131,-97.5214
TX,Sim Gideon,3601,2021,47957.843,30.1456,-97.2708
TX,South Houston Green Power Site,55470,2021,628336.85,29.3775,-94.9328
TX,Spencer,4266,2021,,33.1978,-97.1067
TX,Stryker Creek,3504,2021,53140.32,31.9381,-94.9883
TX,Sweeny Cogeneration Facility,55015,2021,890042.423,29.0728,-95.745
TX,T C Ferguson Power Plant,4937,2021,307650.437,30.558,-98.3705
TX,T H Wharton,3469,2021,140331.6,29.9414,-95.5333
TX,Tejas Power Generation Unit 1,60468,2021,12594.749,29.6464,-95.4518
TX,Tenaska Frontier Generating Station,55062,2021,71497.293,30.5924,-95.9178
TX,Tenaska Gateway Generating Station,55132,2021,266942.407,32.0164,-94.6189
TX,Texas City Cogeneration,52088,2021,229876.309,29.3787,-94.944
TX,Tolk Station,6194,2021,328003.614,34.1847,-102.5686
TX,Trinidad,3507,2021,23540.374,32.1264,-96.1014
TX,Twin Oaks,7030,2021,677091.548,31.0932,-96.6965
TX,V H Braunig,3612,2021,293044.667,29.2575,-98.3828
TX,Victoria City Peaking Facility,61241,2021,4586.899,28.7853,-97.0093
TX,Victoria Port Peaking Facility,61242,2021,,28.6958,-96.9454
TX,Victoria Power Station,3443,2021,42024.423,28.7883,-97.01
TX,W A Parish,3470,2021,2188800.181,29.4783,-95.6358
TX,Welsh Power Plant,6139,2021,1303085.086,33.0583,-94.844
TX,Wilkes Power Plant,3478,2021,92123.592,32.8486,-94.5469
TX,Winchester Power Park,56674,2021,15532.47,30.0253,-96.9945
TX,"Wise County Power Company, LLC",55320,2021,234003.106,33.0583,-97.9103
TX,Wolf Hollow Generating Station,55139,2021,176572.724,32.3347,-97.7344
TX,Wolf Hollow II,59812,2021,508640.429,29.2888,-96.066
UT,Bonanza,7790,2021,681971.9,40.0864,-109.2844
UT,Currant Creek Power Project,56102,2021,321582.073,39.8223,-111.894
UT,Gadsby,3648,2021,580.373,40.7686,-111.9289
UT,Hunter,6165,2021,2442491.883,39.1747,-111.0289
UT,Huntington,8069,2021,1407108.216,39.3792,-111.0781
UT,Intermountain,6481,2021,1865869.525,39.5035,-112.5811
UT,Lake Side Power Plant,56237,2021,575905.725,40.3311,-111.7547
UT,Millcreek Power,56253,2021,491.995,37.1124,-113.5155
UT,Nebo Power Station,56177,2021,30786.461,40.0614,-111.7294
UT,Sunnyside Cogeneration Associates,50951,2021,,39.5472,-110.3917
UT,West Valley Power Plant,55622,2021,12489.603,40.6663,-112.031
VA,Altavista Power Station,10773,2021,104252.354,37.1183,-79.2726
VA,Bear Garden Generating Station,56807,2021,398069.77,37.6961,-78.2848
VA,Birchwood Power Facility,54304,2021,104810.073,38.2667,-77.3147
VA,Brunswick County Power Station,58260,2021,997716.136,36.7637,-77.7112
VA,Buchanan Units 1 & 2,55738,2021,62915.557,37.1753,-81.9617
VA,Chesterfield Power Station,3797,2021,604652.758,37.3822,-77.3833
VA,Clinch River,3775,2021,296.073,36.9333,-82.1997
VA,Clover Power Station,7213,2021,420349.013,36.8692,-78.7046
VA,Commonwealth Chesapeake,55381,2021,13458.68,37.9892,-75.54
VA,Darbytown Combustion Turbine,7212,2021,6323.4,37.4978,-77.368
VA,Doswell Limited Partnership,52019,2021,644290.102,37.8181,-77.4478
VA,Elizabeth River Combustion Turbine Sta,52087,2021,12554.8,36.7743,-76.3119
VA,Gordonsville Power Station,54844,2021,107062.24,38.1245,-78.2031
VA,Gravel Neck Combustion Turbine,7032,2021,5143.3,37.1575,-76.6911
VA,Greensville County Power Station,59913,2021,1163122.541,36.7184,-77.6523
VA,Hopewell Cogeneration Facility,10633,2021,3940.398,37.2914,-77.2821
VA,Hopewell Power Station,10771,2021,91977.033,37.2969,-77.2833
VA,Ladysmith Combustion Turbine Sta,7839,2021,19586.272,38.0725,-77.5141
VA,Louisa Generation Facility,7837,2021,46401.076,38.1181,-78.2139
VA,Marsh Run Generation Facility,7836,2021,63725.885,38.5283,-77.7681
VA,Panda Stonewall Power Project,59004,2021,536438.786,39.0578,-77.5425
VA,Possum Point Power Station,3804,2021,182728.557,38.5367,-77.2806
VA,Remington Combustion Turbine Station,7838,2021,11873.4,38.5447,-77.7707
VA,Southampton Power Station,10774,2021,147535.64,36.6525,-76.9953
VA,"Spruance Genco, LLC",54081,2021,92535.244,37.4556,-77.4308
VA,Tasley Energy Center,3785,2021,,37.7061,-75.7031
VA,Tenaska Virginia Generating Station,55439,2021,155392.607,37.8667,-78.3813
VA,Virginia City Hybrid Energy Center,56808,2021,372131.92,36.9161,-82.3381
VA,Warren County Power Station,55939,2021,847675.971,38.9705,-78.1777
VA,WestRock Virginia Corp Covington Ops,50900,2021,,37.7997,-79.9946
VA,Wolf Hills Energy,55285,2021,3204.8,36.6644,-82.1044
VA,Yorktown Power Station,3809,2021,1946.795,37.2144,-76.4611
VT,Berlin 5,3734,2021,232.2,44.2498,-72.6035
VT,J C McNeil,589,2021,153008.6,44.4917,-73.2081
VT,Penny Lane Gas Turbine,3754,2021,104.8,44.4817,-73.2241
WA,Centralia,3845,2021,1175506.469,46.7559,-122.8578
WA,Chehalis Generation Facility,55662,2021,252342.417,46.6226,-122.9145
WA,Encogen Generating Station,7870,2021,19714.928,48.746,-122.486
WA,Ferndale Generating Station,54537,2021,132045.862,48.8283,-122.6853
WA,Frederickson Power LP,55818,2021,67000.737,47.0864,-122.3644
WA,Goldendale Generating Station,55482,2021,235065.7,45.8114,-120.833
WA,Grays Harbor Energy Center,7999,2021,374472.125,46.9688,-123.48
WA,River Road,7605,2021,233447.803,45.65,-122.7231
WI,Appleton Property Ventures LLC,55558,2021,55789.59,44.2717,-88.3011
WI,Bay Front,3982,2021,80151.83,46.5869,-90.9017
WI,Blount Street,3992,2021,4502.083,43.0792,-89.3739
WI,Columbia,8023,2021,1919023.376,43.4864,-89.4203
WI,Concord,7159,2021,15097.67,43.1669,-88.69
WI,Depere Energy Center,55029,2021,26052.175,44.4489,-88.0731
WI,Edgewater (4050),4050,2021,655659.7,43.715,-87.7094
WI,Elk Mound Generating Station,7863,2021,3546.4,44.9019,-91.5678
WI,Elm Road Generating Station,56068,2021,2297594.437,42.8445,-87.829
WI,Fitchburg Generating Station,3991,2021,,43.0149,-89.4603
WI,Fox Energy Center,56031,2021,479743.73,44.3204,-88.2089
WI,French Island,4005,2021,,43.8298,-91.26
WI,Genoa,4143,2021,418058.1,43.5592,-91.2333
WI,Germantown Power Plant,6253,2021,10383.641,43.1952,-88.1496
WI,Island Street Peaking Plant,55836,2021,2833.3,44.2761,-88.2656
WI,J P Madgett,4271,2021,602640.08,44.3026,-91.9126
WI,Manitowoc,4125,2021,67658.005,44.082,-87.6558
WI,Marshfield Utilities Combustion Turbine,56480,2021,16.183,44.635,-90.135
WI,Neenah Energy Facility,55135,2021,4327.4,44.1934,-88.5055
WI,Paris,7270,2021,15244.803,42.6658,-88.0131
WI,Port Washington Generating Station,4040,2021,766451.857,43.3842,-87.8689
WI,Pulliam,4072,2021,16580.65,44.5397,-88.0083
WI,Riverside Energy Center,55641,2021,418280.748,42.5835,-89.0351
WI,Rockgen Energy Center,55391,2021,15276.477,42.9767,-89.0492
WI,Rothschild Biomass Cogeneration Facility,58124,2021,131779.8,44.8878,-89.6298
WI,Sheboygan Falls Energy Facility,56166,2021,6546.183,43.7519,-87.8783
WI,South Fond Du Lac,7203,2021,18034.272,43.7353,-88.4968
WI,South Oak Creek,4041,2021,1431495.178,42.8457,-87.8294
WI,Valley (WEPCO),4042,2021,127308.578,43.0303,-87.9233
WI,West Campus Cogeneration Facility,7991,2021,54275.147,43.0751,-89.4251
WI,West Marinette,4076,2021,21299.568,45.0869,-87.6881
WI,Weston,4078,2021,1007408.451,44.8606,-89.6553
WI,Wheaton Generating Plant,4014,2021,,44.8864,-91.5158
WI,Whitewater Cogeneration Facility,55011,2021,98328.121,42.8543,-88.7297
WV,Axiall Corporation Natrium Plant,50491,2021,119884.225,39.7475,-80.8547
WV,Big Sandy Peaker Plant,55284,2021,20691.3,38.3441,-82.5938
WV,Ceredo Generating Station,55276,2021,26529,38.3681,-82.5339
WV,Fort Martin Power Station,3943,2021,1285558.353,39.7107,-79.9275
WV,Grant Town Power Plant,10151,2021,219357.5,39.5611,-80.1642
WV,Harrison Power Station,3944,2021,3294672.23,39.3844,-80.3325
WV,John E Amos,3935,2021,3372339.459,38.4731,-81.8233
WV,Longview Power,56671,2021,1422506.2,39.7078,-79.9588
WV,Mitchell (WV),3948,2021,807282.381,39.8297,-80.8153
WV,Morgantown Energy Facility,10743,2021,,39.6397,-79.9606
WV,Mount Storm Power Station,3954,2021,1858364.9,39.2014,-79.2667
WV,Mountaineer (1301),6264,2021,2395154.192,38.9794,-81.9344
WV,"Pleasants Energy, LLC",55349,2021,85091.317,39.3328,-81.3639
WV,Pleasants Power Station,6004,2021,1991062.655,39.3668,-81.2944
WY,Cheyenne Prairie Generating Station,57703,2021,37626.338,41.1229,-104.7214
WY,Dave Johnston,4158,2021,1264778.15,42.8378,-105.7769
WY,Dry Fork Station,56609,2021,840256.62,44.3901,-105.4591
WY,Jim Bridger,8066,2021,2621052.206,41.7378,-108.7875
WY,Laramie River,6204,2021,2647211.163,42.1103,-104.8828
WY,Naughton,4162,2021,750596.573,41.7572,-110.5986
WY,Neil Simpson II,7504,2021,218738.611,44.2853,-105.3841
WY,Neil Simpson II (CT2),55477,2021,784.932,44.2853,-105.3841
WY,Wygen I,55479,2021,236842.339,44.2862,-105.3843
WY,Wygen II,56319,2021,157836.427,44.2911,-105.3815
WY,Wygen III,56596,2021,251319.212,44.2892,-105.3795
WY,Wyodak,6101,2021,557142.443,44.2886,-105.3847
