<metadata xml:lang="en"><Esri><CreaDate>20190919</CreaDate><CreaTime>10380500</CreaTime><ArcGISFormat>1.0</ArcGISFormat><ArcGISstyle>FGDC CSDGM Metadata</ArcGISstyle><SyncOnce>FALSE</SyncOnce><DataProperties><itemProps><itemName Sync="TRUE">Platforms_Shapefile</itemName><itemLocation><linkage Sync="TRUE">file://\\ISENOLNA04\Groups\OIMS\TDMS\GIS\Metadata\MASMetaDataTemplates.gdb</linkage><protocol Sync="TRUE">Local Area Network</protocol></itemLocation><imsContentType Sync="TRUE">002</imsContentType></itemProps><coordRef><type Sync="TRUE">Geographic</type><geogcsn Sync="TRUE">GCS_North_American_1927</geogcsn><csUnits Sync="TRUE">Angular Unit: Degree (0.017453)</csUnits><peXml Sync="TRUE">&lt;GeographicCoordinateSystem xsi:type='typens:GeographicCoordinateSystem' xmlns:xsi='http://www.w3.org/2001/XMLSchema-instance' xmlns:xs='http://www.w3.org/2001/XMLSchema' xmlns:typens='http://www.esri.com/schemas/ArcGIS/10.8'&gt;&lt;WKT&gt;GEOGCS[&amp;quot;GCS_North_American_1927&amp;quot;,DATUM[&amp;quot;D_North_American_1927&amp;quot;,SPHEROID[&amp;quot;Clarke_1866&amp;quot;,6378206.4,294.9786982]],PRIMEM[&amp;quot;Greenwich&amp;quot;,0.0],UNIT[&amp;quot;Degree&amp;quot;,0.0174532925199433],AUTHORITY[&amp;quot;EPSG&amp;quot;,4267]]&lt;/WKT&gt;&lt;XOrigin&gt;-400&lt;/XOrigin&gt;&lt;YOrigin&gt;-400&lt;/YOrigin&gt;&lt;XYScale&gt;999999999.99999988&lt;/XYScale&gt;&lt;ZOrigin&gt;-100000&lt;/ZOrigin&gt;&lt;ZScale&gt;10000&lt;/ZScale&gt;&lt;MOrigin&gt;-100000&lt;/MOrigin&gt;&lt;MScale&gt;10000&lt;/MScale&gt;&lt;XYTolerance&gt;8.9830550972891565e-09&lt;/XYTolerance&gt;&lt;ZTolerance&gt;0.001&lt;/ZTolerance&gt;&lt;MTolerance&gt;0.001&lt;/MTolerance&gt;&lt;HighPrecision&gt;true&lt;/HighPrecision&gt;&lt;LeftLongitude&gt;-180&lt;/LeftLongitude&gt;&lt;WKID&gt;4267&lt;/WKID&gt;&lt;LatestWKID&gt;4267&lt;/LatestWKID&gt;&lt;/GeographicCoordinateSystem&gt;</peXml></coordRef></DataProperties><SyncDate>20210503</SyncDate><SyncTime>06172100</SyncTime><ModDate>20210503</ModDate><ModTime>06172100</ModTime><scaleRange><minScale>150000000</minScale><maxScale>5000</maxScale></scaleRange><ArcGISProfile>FGDC</ArcGISProfile></Esri><mdLang><languageCode value="eng"/><countryCode value="USA" Sync="TRUE"/></mdLang><mdChar><CharSetCd value="004"/></mdChar><mdHrLv><ScopeCd value="005"/></mdHrLv><mdStanName>ArcGIS Metadata</mdStanName><mdStanVer>1.0</mdStanVer><dataIdInfo><idCitation xmlns=""><resTitle Sync="FALSE">Platforms - Shapefile</resTitle><presForm xmlns=""><PresFormCd value="005" Sync="TRUE"/><fgdcGeoform>vector digital data</fgdcGeoform></presForm><citRespParty xmlns=""><rpOrgName>Bureau of Safety and Environmental Enforcement, Office of Technical Data Management, Data Administration Unit</rpOrgName><rpCntInfo xmlns=""><cntAddress addressType="both"><delPoint>1201 Elmwood Park Blvd</delPoint><city>New Orleans</city><adminArea>LA</adminArea><postCode>70123</postCode><eMailAdd>tdm@bsee.gov</eMailAdd><country>US</country></cntAddress><cntPhone><voiceNum tddtty="">504-736-2887</voiceNum></cntPhone></rpCntInfo><displayName>Bureau of Safety and Environmental Enforcement, Office of Technical Data Management, Data Administration Unit</displayName><role><RoleCd value="006"/></role></citRespParty><resAltTitle>Outer Continental Shelf Oil and Natural Gas Platforms - Gulf of Mexico Region NAD 27</resAltTitle><date><createDate>2021-05-03T00:00:00</createDate><pubDate>2021-05-03T00:00:00</pubDate></date></idCitation><idCredit>Bureau of Safety and Environmental Enforcement, Office of Technical Data Management, Data Administration Unit</idCredit><resConst><Consts xmlns=""><useLimit>&lt;DIV STYLE="text-align:Left;"&gt;&lt;DIV&gt;&lt;DIV&gt;&lt;P STYLE="margin:0 0 0 0;"&gt;&lt;SPAN&gt;BSEE will not assume any responsibility or liability for damages caused by errors or omissions in the original data set. BSEE has made efforts to ensure the accuracy and reliability of the data; however, some errors may exist. Notifications of errors are appreciated and shall be reported to the BSEE Public Information Office (see contact information below). Data is not intended to be used as legal documentation and shall not be constructed as such. The data was developed within the U.S. Government; no proprietary rights may be attached to them nor may they be sold to the U.S. Government as part of any procurement of ADP products or services. Data is not to be used for navigational purposes.&lt;/SPAN&gt;&lt;/P&gt;&lt;P STYLE="margin:0 0 0 0;"&gt;&lt;SPAN /&gt;&lt;SPAN /&gt;&lt;/P&gt;&lt;P STYLE="text-align:Center;margin:0 0 0 48;"&gt;&lt;SPAN&gt;Gulf of Mexico OCS Region &amp;amp; Atlantic Activities&lt;/SPAN&gt;&lt;/P&gt;&lt;P STYLE="text-align:Center;margin:0 0 0 48;"&gt;&lt;SPAN&gt;Public Information Office&lt;/SPAN&gt;&lt;/P&gt;&lt;P STYLE="text-align:Center;margin:0 0 0 48;"&gt;&lt;SPAN&gt;1201 Elmwood Park Blvd.&lt;/SPAN&gt;&lt;/P&gt;&lt;P STYLE="text-align:Center;margin:0 0 0 48;"&gt;&lt;SPAN&gt;New Orleans, LA 70123-2394&lt;/SPAN&gt;&lt;/P&gt;&lt;P STYLE="text-align:Center;margin:0 0 0 48;"&gt;&lt;SPAN&gt;Phone: 1-800-200-4853&lt;/SPAN&gt;&lt;/P&gt;&lt;P STYLE="margin:0 0 0 0;"&gt;&lt;SPAN /&gt;&lt;SPAN /&gt;&lt;/P&gt;&lt;P STYLE="text-align:Center;margin:0 0 0 48;"&gt;&lt;SPAN&gt;For more information please visit our webpage:&lt;/SPAN&gt;&lt;/P&gt;&lt;P STYLE="text-align:Center;margin:0 0 0 48;"&gt;&lt;SPAN&gt;&lt;A href="https://www.bsee.gov/"&gt;&lt;SPAN&gt;https://www.bsee.gov/&lt;/SPAN&gt;&lt;/A&gt;&lt;/SPAN&gt;&lt;/P&gt;&lt;P STYLE="text-align:Center;margin:0 0 0 48;"&gt;&lt;SPAN /&gt;&lt;SPAN /&gt;&lt;/P&gt;&lt;P STYLE="text-align:Center;margin:0 0 0 48;"&gt;&lt;SPAN&gt;Questions pertaining to geospatial information should be directed via email to the BSEE Technical Data Management Section:&lt;/SPAN&gt;&lt;/P&gt;&lt;P STYLE="text-align:Center;margin:0 0 0 48;"&gt;&lt;SPAN&gt;tdm@bsee.gov&lt;/SPAN&gt;&lt;/P&gt;&lt;/DIV&gt;&lt;/DIV&gt;&lt;/DIV&gt;</useLimit></Consts></resConst><idAbs>&lt;DIV STYLE="text-align:Left;"&gt;&lt;DIV&gt;&lt;DIV&gt;&lt;P&gt;&lt;SPAN&gt;This data set contains point locations for oil and gas platforms (structures) located in the Gulf of Mexico federal waters. Note: Platforms are being added or modified continuously; obtaining updates of this database are required to know the true distribution of platform data. Because GIS projection and topology functions can change or generalize coordinates, these GIS files are considered to be approximate and are NOT an OFFICIAL record. &lt;/SPAN&gt;&lt;/P&gt;&lt;P&gt;&lt;SPAN&gt;&lt;SPAN&gt;An oil platform, offshore platform, or (colloquially) oil rig is a large structure with facilities to drill wells (optionally), to extract and process oil and natural gas, or to temporarily store product until it can be brought to shore for refining and marketing. In many cases, the platform contains facilities to house the workforce as well. &lt;/SPAN&gt;&lt;/SPAN&gt;&lt;/P&gt;&lt;P&gt;&lt;SPAN&gt;&lt;SPAN&gt;Depending on the circumstances, the platform may be fixed to the ocean floor, may consist of an artificial island, or may float. Remote subsea wells may also be connected to a platform by flow lines and by umbilical connections. These sub-sea solutions may consist of one or more subsea wells, or of one or more manifold centers for multiple wells.&lt;/SPAN&gt;&lt;/SPAN&gt;&lt;/P&gt;&lt;/DIV&gt;&lt;/DIV&gt;&lt;/DIV&gt;</idAbs><searchKeys><keyword>Bureau of Safety and Environmental Enforcement</keyword><keyword>BSEE</keyword><keyword>Outer Continental Shelf</keyword><keyword>OCS</keyword><keyword>Gulf of Mexico</keyword><keyword>GOM</keyword><keyword>Submerged Lands Act Boundary</keyword><keyword>SLA</keyword><keyword>Federal</keyword><keyword>Oil</keyword><keyword>Gas</keyword><keyword>Structures</keyword><keyword>Platforms</keyword><keyword>Complex</keyword><keyword>Infrastructure</keyword><keyword>National Geospatial Data Asset</keyword><keyword>NGDA</keyword><keyword>Utilities Theme</keyword></searchKeys><idPurp>The locations of structures at and beneath the water surface used for the purpose of exploration and resource extraction. Only platforms in the Gulf of Mexico, Federal Outer Continental Shelf (OCS) waters are included.</idPurp><dataChar><CharSetCd value="004"/></dataChar><dataExt xmlns=""><geoEle xmlns=""><GeoBndBox esriExtentType="search"><westBL>-97.21133006125184</westBL><eastBL>-81.13759362840798</eastBL><northBL>30.246203501284842</northBL><southBL>23.822796757299255</southBL></GeoBndBox></geoEle><exDesc>BOEM/BSEE Gulf of Mexico Region</exDesc><tempEle><TempExtent><exTemp><TM_Period xmlns=""><tmBegin>2021-05-03T00:00:00</tmBegin><tmEnd>2021-06-01T00:00:00</tmEnd></TM_Period></exTemp></TempExtent></tempEle><tempEle><TempExtent><exTemp><TM_Instant><tmPosition>2021-05-03T00:00:00</tmPosition></TM_Instant></exTemp></TempExtent></tempEle></dataExt><idStatus><ProgCd value="001"/></idStatus><resMaint xmlns=""><maintFreq><MaintFreqCd value="005"/></maintFreq><dateNext>2019-12-02T00:00:00</dateNext><maintCont xmlns=""><rpOrgName>Bureau of Safety and Environmental Enforcement, Office of Technical Data Management, Data Administration Unit</rpOrgName><rpCntInfo xmlns=""><cntAddress addressType="both"><delPoint>1201 Elmwood Park Blvd</delPoint><city>New Orleans</city><adminArea>LA</adminArea><postCode>70123</postCode><eMailAdd>tdm@bsee.gov</eMailAdd><country>US</country></cntAddress><cntPhone><voiceNum tddtty="">504-736-2887</voiceNum></cntPhone></rpCntInfo><displayName>Bureau of Safety and Environmental Enforcement, Office of Technical Data Management, Data Administration Unit</displayName><role><RoleCd value="010"/></role></maintCont></resMaint><envirDesc Sync="TRUE"> Version 6.2 (Build 9200) ; Esri ArcGIS 10.8.1.14362</envirDesc><dataLang><languageCode value="eng" Sync="TRUE"/><countryCode value="USA" Sync="TRUE"/></dataLang><spatRpType><SpatRepTypCd value="001" Sync="TRUE"/></spatRpType><idPoC xmlns=""><rpOrgName>Bureau of Safety and Environmental Enforcement, Office of Technical Data Management, Data Administration Unit</rpOrgName><rpCntInfo xmlns=""><cntAddress addressType="both"><delPoint>1201 Elmwood Park Blvd</delPoint><city>New Orleans</city><adminArea>LA</adminArea><postCode>70123</postCode><eMailAdd>tdm@bsee.gov</eMailAdd><country>US</country></cntAddress><cntPhone><voiceNum tddtty="">504-736-2887</voiceNum></cntPhone></rpCntInfo><displayName>Bureau of Safety and Environmental Enforcement, Office of Technical Data Management, Data Administration Unit</displayName><role><RoleCd value="001"/></role></idPoC><graphOver xmlns=""><bgFileName>https://bobson.maps.arcgis.com/apps/webappviewer/index.html?id=9c82bd4a9ef541f0bf32dfa107173c21</bgFileName><bgFileDesc>Web map application used to identify the location of offshore oil and gas platform structures in the Gulf of Mexico</bgFileDesc><bgFileType>ArcGIS Online Web Application</bgFileType></graphOver><resConst><LegConsts xmlns=""><useConsts><RestrictCd value="008"/></useConsts><useLimit>Although these data have been processed successfully on a computer system at the Bureau of Safety and Environmental Enforcement, no warranty expressed or implied is made regarding the accuracy or utility of the data on any other system or for general or scientific purposes, nor shall the act of distribution constitute any such warranty. It is also strongly recommended that careful attention be paid to the contents of the metadata file associated with these data to evaluate data set limitations, restrictions or intended use. The Bureau of Safety and Environmental Enforcement shall not be held liable for improper or incorrect use of the data described and/or contained herein.</useLimit><othConsts>The data was developed within the U.S. Government; no proprietary rights may be attached to them nor may they be sold to the U.S. Government as part of any procurement of ADP products or services.</othConsts></LegConsts></resConst></dataIdInfo><eainfo><detailed Name="Platforms_Shapefile" xmlns=""><enttyp><enttypl Sync="TRUE">Platforms_Shapefile</enttypl><enttypt Sync="FALSE">Shapefile</enttypt><enttypc Sync="TRUE">0</enttypc><enttypd>Point feature defing location of platform structure</enttypd><enttypds>Technical Information Management System (TIMS)</enttypds></enttyp><attr xmlns=""><attrlabl Sync="TRUE">OBJECTID</attrlabl><attalias Sync="TRUE">OBJECTID</attalias><attrtype Sync="TRUE">OID</attrtype><attwidth Sync="TRUE">4</attwidth><atprecis Sync="TRUE">0</atprecis><attscale Sync="TRUE">0</attscale><attrdef Sync="TRUE">Internal feature number.</attrdef><attrdefs Sync="TRUE">Esri</attrdefs><attrdomv><udom Sync="TRUE">Sequential unique whole numbers that are automatically generated.</udom></attrdomv></attr><attr xmlns=""><attrlabl>Shape</attrlabl><attrdef>Feature geometry.</attrdef><attrdefs>Esri</attrdefs><attrdomv><udom>Coordinates defining the features.</udom></attrdomv><attalias Sync="TRUE">SHAPE</attalias><attrtype Sync="TRUE">Geometry</attrtype><attwidth Sync="TRUE">0</attwidth><atprecis Sync="TRUE">0</atprecis><attscale Sync="TRUE">0</attscale></attr><attr xmlns=""><attrlabl Sync="TRUE">STR_NUMBER</attrlabl><attalias Sync="FALSE">STRUCTURE_NUMBER</attalias><attrtype Sync="TRUE">Integer</attrtype><attwidth Sync="TRUE">4</attwidth><atprecis Sync="TRUE">0</atprecis><attscale Sync="TRUE">0</attscale><attrdef> A unique number assigned to a specific structure within a complex.</attrdef><attrdefs>Technical Information Management System (TIMS)</attrdefs><attrdomv><rdom xmlns=""><rdommin>01</rdommin><rdommax>99</rdommax></rdom></attrdomv></attr><attr xmlns=""><attrlabl Sync="TRUE">COMPLEX_ID</attrlabl><attalias Sync="TRUE">COMPLEX_ID_NUM</attalias><attrtype Sync="TRUE">Integer</attrtype><attwidth Sync="TRUE">4</attwidth><atprecis Sync="TRUE">0</atprecis><attscale Sync="TRUE">0</attscale><attrdef>The unique identifier assigned to a single man-made structure or a group of structures connected by a walkway.</attrdef><attrdefs>Technical Information Management System (TIMS)</attrdefs><attrdomv><udom>No domain information is available</udom></attrdomv></attr><attr xmlns=""><attrlabl Sync="TRUE">STR_NAME</attrlabl><attalias Sync="FALSE">STRUCTURE_NAME</attalias><attrtype Sync="TRUE">String</attrtype><attwidth Sync="TRUE">15</attwidth><atprecis Sync="TRUE">0</atprecis><attscale Sync="TRUE">0</attscale><attrdef> The name of the structure assigned by the owner.</attrdef><attrdefs>Technical Information Management System (TIMS)</attrdefs><attrdomv><udom>No domain information is available</udom></attrdomv></attr><attr xmlns=""><attrlabl Sync="TRUE">INSTALL_DA</attrlabl><attalias Sync="TRUE">INSTALL_DATE</attalias><attrtype Sync="TRUE">Date</attrtype><attwidth Sync="TRUE">8</attwidth><atprecis Sync="TRUE">0</atprecis><attscale Sync="TRUE">0</attscale><attrdef>The date that an platform, pipeline, or piece of safety equipment (eqmt) was installed on the Outer Continental Shelf (OCS).</attrdef><attrdefs>Technical Information Management System (TIMS)</attrdefs><attrdomv><udom>Value: 01-JAN-1947 
High Value: SYSDATE+10</udom></attrdomv></attr><attr xmlns=""><attrlabl Sync="TRUE">REMOVAL_DA</attrlabl><attalias Sync="TRUE">REMOVAL_DATE</attalias><attrtype Sync="TRUE">Date</attrtype><attwidth Sync="TRUE">8</attwidth><atprecis Sync="TRUE">0</atprecis><attscale Sync="TRUE">0</attscale><attrdef>The date a structure, pipeline, or piece of safety equipment was removed from the Outer Continental Shelf (OCS).</attrdef><attrdefs>Technical Information Management System (TIMS)</attrdefs><attrdomv><udom>Value: 01-JAN-1947 
High Value: SYSDATE+10</udom></attrdomv></attr></detailed></eainfo><distInfo xmlns=""><distFormat xmlns=""><formatName Sync="FALSE">Shapefile</formatName></distFormat><distributor xmlns=""><distorCont xmlns=""><rpOrgName>Bureau of Safety and Environmental Enforcement, Office of Technical Data Management, Data Administration Unit</rpOrgName><rpCntInfo xmlns=""><cntAddress addressType="both"><delPoint>1201 Elmwood Park Blvd</delPoint><city>New Orleans</city><adminArea>LA</adminArea><postCode>70123</postCode><eMailAdd>tdm@bsee.gov</eMailAdd><country>US</country></cntAddress><cntPhone><voiceNum tddtty="">504-736-2887</voiceNum></cntPhone></rpCntInfo><displayName>Bureau of Safety and Environmental Enforcement, Office of Technical Data Management, Data Administration Unit</displayName><role><RoleCd value="005"/></role></distorCont></distributor></distInfo><mdHrLvName Sync="TRUE">dataset</mdHrLvName><refSysInfo><RefSystem><refSysID><identCode code="4267" Sync="TRUE"/><idCodeSpace Sync="TRUE">EPSG</idCodeSpace><idVersion Sync="TRUE">9.8(3.0.1)</idVersion></refSysID></RefSystem></refSysInfo><spatRepInfo><VectSpatRep><geometObjs Name="Platforms_Shapefile"><geoObjTyp><GeoObjTypCd value="004" Sync="TRUE"></GeoObjTypCd></geoObjTyp><geoObjCnt Sync="TRUE">0</geoObjCnt></geometObjs><topLvl><TopoLevCd value="001" Sync="TRUE"></TopoLevCd></topLvl></VectSpatRep></spatRepInfo><spdoinfo><ptvctinf><esriterm Name="Platforms_Shapefile"><efeatyp Sync="TRUE">Simple</efeatyp><efeageom code="1" Sync="TRUE"></efeageom><esritopo Sync="TRUE">FALSE</esritopo><efeacnt Sync="TRUE">0</efeacnt><spindex Sync="TRUE">TRUE</spindex><linrefer Sync="TRUE">FALSE</linrefer></esriterm></ptvctinf></spdoinfo><mdDateSt Sync="TRUE">20210503</mdDateSt><mdMaint xmlns=""><maintFreq><MaintFreqCd value="005"/></maintFreq><dateNext>2019-12-02T00:00:00</dateNext><maintCont xmlns=""><rpOrgName>Bureau of Safety and Environmental Enforcement, Office of Technical Data Management, Data Administration Unit</rpOrgName><rpCntInfo xmlns=""><cntAddress addressType="both"><delPoint>1201 Elmwood Park Blvd</delPoint><city>New Orleans</city><adminArea>LA</adminArea><postCode>70123</postCode><eMailAdd>tdm@bsee.gov</eMailAdd><country>US</country></cntAddress><cntPhone><voiceNum tddtty="">504-736-2887</voiceNum></cntPhone></rpCntInfo><displayName>Bureau of Safety and Environmental Enforcement, Office of Technical Data Management, Data Administration Unit</displayName><role><RoleCd value="011"/></role></maintCont></mdMaint><dqInfo xmlns=""><dqScope><scpLvl><ScopeCd value="009"/></scpLvl></dqScope></dqInfo><mdContact xmlns=""><rpOrgName>Bureau of Safety and Environmental Enforcement, Office of Technical Data Management, Data Administration Unit</rpOrgName><rpCntInfo xmlns=""><cntAddress addressType="both"><delPoint>1201 Elmwood Park Blvd</delPoint><city>New Orleans</city><adminArea>LA</adminArea><postCode>70123</postCode><eMailAdd>tdm@bsee.gov</eMailAdd><country>US</country></cntAddress><cntPhone><voiceNum tddtty="">504-736-2887</voiceNum></cntPhone></rpCntInfo><displayName>Bureau of Safety and Environmental Enforcement, Office of Technical Data Management, Data Administration Unit</displayName><role><RoleCd value="007"/></role></mdContact></metadata>