Spud Date,Total Depth Date,LONG,LAT,API Well Number
19840924,19850310,-87.95863,30.18845,12032016500
19911127,19920427,-87.941465,30.181533,12032027100
20020328,20020731,-87.95388,30.18845,12032029300
20090102,20090508,-87.97733,30.19592,12032030900
19600715,19600801,-89.516296,29.196288,1.7075E+11
19530401,19530403,-89.512183,29.176753,1.7075E+11
19630708,19630730,-89.496028,29.190518,1.7075E+11
19631219,19631231,-89.497653,29.195931,1.7075E+11
19600501,19600601,-89.497033,29.181827,1.7075E+11
19630906,19630930,-89.496028,29.190517,1.7075E+11
19631207,19631230,-89.484878,29.198639,1.7075E+11
19640411,19640420,-89.51724,29.187404,1.7075E+11
19640624,19640705,-89.507944,29.190162,1.7075E+11
19621109,19621130,-89.506913,29.190835,1.70751E+11
19591028,19591110,-93.599295,29.691138,1.77E+11
19591124,19591209,-93.61386,29.690544,1.77E+11
19591222,19600114,-93.59171,29.691412,1.77E+11
19600223,19600304,-93.603466,29.697535,1.77E+11
19600126,19600211,-93.584098,29.691639,1.77E+11
19600507,19600515,-93.577438,29.691623,1.77E+11
19600326,19600405,-93.58774,29.690971,1.77E+11
19600416,19600424,-93.595516,29.691475,1.77E+11
19560506,19560616,-93.608813,29.669865,1.77E+11
19570619,19570620,-93.602918,29.675169,1.77E+11
19570919,19571022,-93.614756,29.674985,1.77E+11
19571111,19580111,-93.600501,29.670009,1.77E+11
19580204,19580315,-93.603553,29.676258,1.77E+11
19580618,19580724,-93.611839,29.681775,1.77E+11
19580816,19580914,-93.593517,29.684017,1.77E+11
19581018,19581127,-93.598103,29.677887,1.77E+11
19581129,19590120,-93.58664,29.686336,1.77E+11
19591102,19591203,-93.60838,29.685474,1.77E+11
19630225,19630307,-93.592365,29.688631,1.77E+11
19590128,19590424,-93.587476,29.667511,1.77E+11
19590427,19590704,-93.597407,29.661041,1.77E+11
19490414,19490521,-93.593366,29.649836,1.77E+11
19480812,19481106,-93.593366,29.649836,1.77E+11
19490105,19490318,-93.593366,29.649836,1.77E+11
19490605,19490805,-93.593366,29.649836,1.77E+11
19680321,19680409,-93.593366,29.649836,1.77E+11
19491103,19500108,-93.593355,29.6499,1.77E+11
19550420,19550624,-93.593366,29.649836,1.77E+11
19550726,19551128,-93.593366,29.649836,1.77E+11
19551210,19560105,-93.593366,29.649836,1.77E+11
19560111,19560302,-93.593366,29.649836,1.77E+11
19560425,19560527,-93.593388,29.649836,1.77E+11
19561230,19570305,-93.593366,29.649836,1.77E+11
19570416,19570609,-93.609555,29.647136,1.77E+11
19570605,19570709,-93.622778,29.638791,1.77E+11
19561026,19561231,-93.627146,29.646571,1.77E+11
19631008,19631009,-93.738003,29.670447,1.77E+11
19730804,19730816,-93.73058,29.694512,1.77E+11
19630907,19630907,-93.73144,29.711985,1.77E+11
19570201,19570201,-93.751576,29.704274,1.77E+11
19700508,19700523,-93.161918,29.441701,1.77E+11
19601019,19610126,-93.638818,29.503847,1.77E+11
19610217,19610303,-93.643156,29.51391,1.77E+11
19610514,19610605,-93.615645,29.499836,1.77E+11
19630718,19630730,-93.5948,29.537578,1.77E+11
19571027,19590310,-93.021381,29.670752,1.77E+11
19570616,19570828,-93.021381,29.670752,1.77E+11
19570828,19571027,-93.021381,29.670752,1.77E+11
19571217,19580626,-93.029225,29.670565,1.77E+11
19591009,19600209,-93.028533,29.662763,1.77E+11
19620812,19620924,-93.051055,29.664118,1.77E+11
19630122,19630205,-93.039723,29.665847,1.77E+11
19580920,19581230,-93.034695,29.626435,1.77E+11
20010226,20010320,-93.034695,29.626435,1.77E+11
19590801,19590827,-93.034705,29.626459,1.77E+11
19590112,19590201,-93.034705,29.626459,1.77E+11
19590201,19590401,-93.034705,29.626459,1.77E+11
19590401,19590801,-93.034705,29.626459,1.77E+11
19590616,19590907,-93.049418,29.6313,1.77E+11
19600307,19600425,-93.028414,29.631194,1.77E+11
19600521,19600702,-93.020853,29.639064,1.77E+11
19621015,19621212,-93.021143,29.648783,1.77E+11
19630324,19630529,-93.044606,29.650475,1.77E+11
19591113,19591202,-93.080199,29.645215,1.77E+11
19580311,19580425,-93.088909,29.647085,1.77E+11
19580120,19580309,-93.144909,29.630701,1.77E+11
19610125,19610220,-93.324378,29.70653,1.77E+11
19600215,19600427,-93.340979,29.695441,1.77E+11
19541031,19550212,-93.345947,29.686563,1.77E+11
19550401,19550827,-93.345925,29.686541,1.77E+11
19610405,19610601,-93.345942,29.686288,1.77E+11
19580513,19580804,-93.345889,29.6796,1.77E+11
19540116,19540326,-93.345506,29.672766,1.77E+11
19540328,19540905,-93.34549,29.672741,1.77E+11
19601215,19610115,-93.354588,29.673649,1.77E+11
19620809,19621225,-93.350775,29.701019,1.77E+11
19561201,19570209,-93.297045,29.507839,1.77E+11
19570415,19570826,-93.297116,29.50794,1.77E+11
19570812,19570925,-93.297094,29.507924,1.77E+11
19571011,19571118,-93.297084,29.50791,1.77E+11
19531224,19540423,-93.284358,29.518285,1.77E+11
19540523,19541030,-93.283667,29.518361,1.77E+11
19580104,19580227,-93.284342,29.518271,1.77E+11
19580411,19580503,-93.284383,29.518309,1.77E+11
19600507,19600716,-93.275521,29.511758,1.77E+11
,,-93.275521,29.511758##,1.77E+11
19620716,19620812,-93.275479,29.511733,1.77E+11
19620820,19620912,-93.275489,29.511747,1.77E+11
19601114,19610109,-93.278704,29.505637,1.77E+11
19550408,19550711,-93.291327,29.533828,1.77E+11
19621022,19621108,-93.291459,29.540537,1.77E+11
19561105,19570216,-93.251133,29.520231,1.77E+11
19560119,19620423,-93.157159,29.57636,1.77E+11
19560425,19560819,-93.157134,29.576366,1.77E+11
19561108,19570304,-93.157112,29.576372,1.77E+11
19570317,19570715,-93.157015,29.576395,1.77E+11
19570719,19571208,-93.157037,29.576389,1.77E+11
19580325,19580609,-93.157062,29.576383,1.77E+11
19620430,19620707,-93.157159,29.57636,1.77E+11
19560508,19561027,-93.156783,29.563645,1.77E+11
19570412,19570817,-93.15678,29.563653,1.77E+11
19570912,19580307,-93.156755,29.563659,1.77E+11
19550930,19551209,-93.120627,29.609218,1.77E+11
19600217,19600702,-93.105845,29.603731,1.77E+11
19570412,19570718,-93.10613,29.621646,1.77E+11
19591120,19600129,-93.020542,29.620589,1.77E+11
19600913,19601205,-93.037654,29.620367,1.77E+11
19600831,19601005,-93.04151,29.395863,1.77E+11
19631001,19631025,-93.014591,29.389957,1.77E+11
20000302,20000319,-93.014591,29.389957,1.77E+11
19610801,19610815,-93.157123,29.411272,1.77E+11
19610130,19610220,-93.187613,29.377074,1.77E+11
19561218,19570306,-93.289377,29.488701,1.77E+11
19590611,19601102,-93.406042,29.406779,1.77E+11
19590928,19600113,-93.406094,29.406746,1.77E+11
19600202,19600413,-93.406042,29.406779,1.77E+11
19600424,19600725,-93.406092,29.406779,1.77E+11
19600804,19601017,-93.406051,29.406804,1.77E+11
19601109,19610106,-93.416244,29.424803,1.77E+11
19610111,19610205,-93.416275,29.424787,1.77E+11
19610207,19610502,-93.416294,29.424808,1.77E+11
19610509,19610607,-93.416279,29.424817,1.77E+11
19610624,19610718,-93.41626,29.424828,1.77E+11
19490531,19490827,-93.427896,29.441211,1.77E+11
19500315,19500419,-93.427878,29.441222,1.77E+11
19500430,19500605,-93.427856,29.441237,1.77E+11
19540403,19540520,-93.427835,29.441267,1.77E+11
19540803,19540909,-93.427896,29.441211,1.77E+11
19540519,19540709,-93.427896,29.441211,1.77E+11
19541107,19541219,-93.427896,29.441211,1.77E+11
19540929,19541101,-93.427896,29.441211,1.77E+11
19541230,19550119,-93.427896,29.441211,1.77E+11
19550124,19550201,-93.427896,29.441211,1.77E+11
19550207,19550228,-93.427769,29.441274,1.77E+11
19560928,19561125,-93.427977,29.441152,1.77E+11
19561206,19570112,-93.427999,29.441141,1.77E+11
19570202,19570318,-93.428014,29.441124,1.77E+11
19550321,19550725,-93.456017,29.433882,1.77E+11
19550726,19551022,-93.45602,29.433882,1.77E+11
19551029,19560109,-93.456017,29.433882,1.77E+11
19560110,19560330,-93.456017,29.433882,1.77E+11
19600419,19610812,-93.182537,29.365732,1.77E+11
19600814,19610125,-93.182493,29.36592,1.77E+11
19610127,19610302,-93.182454,29.365849,1.77E+11
19610423,19610507,-93.182471,29.365885,1.77E+11
19610307,19610423,-93.182471,29.365885,1.77E+11
19610620,19610716,-93.18248,29.365904,1.77E+11
19610508,19610531,-93.18248,29.365904,1.77E+11
19610717,19610820,-93.182464,29.365868,1.77E+11
19601107,19610127,-93.177775,29.356036,1.77E+11
19600809,19600924,-93.177775,29.356036,1.77E+11
19610404,19610523,-93.177722,29.355883,1.77E+11
19610523,19610704,-93.177712,29.355861,1.77E+11
19610704,19610814,-93.177705,29.355842,1.77E+11
19610814,19611024,-93.177692,29.355823,1.77E+11
19611024,19620226,-93.177683,29.355803,1.77E+11
19601025,19610128,-93.189651,29.351467,1.77E+11
19610129,19610323,-93.195969,29.345456,1.77E+11
19610627,19610720,-93.181276,29.337487,1.77E+11
19610813,19610926,-93.139736,29.373481,1.77E+11
19630731,19630815,-93.149988,29.372789,1.77E+11
19610815,19610825,-93.143477,29.255511,1.77E+11
19620702,19620711,-93.079178,29.295355,1.77E+11
19540425,19540714,-93.055838,29.293836,1.77E+11
19540720,19540831,-93.055835,29.293814,1.77E+11
19540905,19630826,-93.055834,29.293792,1.77E+11
19541016,19550111,-93.055521,29.293293,1.77E+11
19560831,19561008,-93.055831,29.29377,1.77E+11
19561207,19570129,-93.055827,29.293748,1.77E+11
19631116,19631117,-93.055827,29.293748,1.77E+11
19631118,19631121,-93.055827,29.293748,1.77E+11
19560121,19560322,-93.026821,29.307015,1.77E+11
19560807,19560824,-93.037696,29.293901,1.77E+11
19560907,19561018,-93.03783,29.293858,1.77E+11
19640621,19640707,-93.013211,29.294182,1.77E+11
19550912,19551122,-93.013211,29.294182,1.77E+11
19560803,19560831,-93.012987,29.294135,1.77E+11
19561027,19561201,-93.013204,29.294138,1.77E+11
19600707,19600807,-93.013047,29.294115,1.77E+11
19960503,19960518,-93.013047,29.294115,1.77E+11
19560618,19560821,-93.013724,29.274434,1.77E+11
19560824,19560922,-93.013753,29.274631,1.77E+11
19561103,19561211,-93.013752,29.274587,1.77E+11
19600725,19600930,-93.155192,29.244347,1.77E+11
19620424,19620509,-93.307672,29.180638,1.77E+11
19620519,19620519,-93.286513,29.127087,1.77E+11
19620731,19620825,-93.290333,29.136698,1.77E+11
19590321,19590428,-93.088378,29.056069,1.77E+11
19570315,19570413,-93.088573,29.031314,1.77E+11
19590209,19590404,-93.11562,29.036736,1.77E+11
19551207,19560226,-93.117707,29.04379,1.77E+11
19551023,19551117,-93.117707,29.04379,1.77E+11
19600826,19601009,-93.640082,29.498775,1.77E+11
19620329,19620531,-93.644799,29.487527,1.77E+11
19620615,19620719,-93.640015,29.498719,1.77E+11
19620726,19620806,-93.647959,29.493383,1.77E+11
19600505,19600730,-93.562048,29.37068,1.77E+11
19600928,19601016,-93.547389,29.377729,1.77E+11
19620407,19620426,-93.0235,28.960522,1.77E+11
19620625,19620701,-93.009583,28.93375,1.77E+11
19620709,19620715,-93.0143,28.933906,1.77E+11
19621220,19630122,-93.027428,28.947751,1.77E+11
19630226,19630323,-93.016659,28.945828,1.77E+11
19620615,19620814,-93.131071,28.825045,1.77E+11
19631020,19631112,-93.139084,28.827844,1.77E+11
19640118,19651008,-93.719347,29.693755,1.77E+11
19631115,19631206,-93.747361,29.683007,1.77E+11
19640302,19640315,-93.059607,29.670672,1.77E+11
19640523,19640604,-93.321616,29.678518,1.77E+11
19640219,19640503,-93.013218,29.294204,1.77E+11
19640301,19640323,-93.127361,29.271548,1.77E+11
19640114,19640205,-93.182343,28.85671,1.77E+11
19640605,19640825,-93.729921,29.686204,1.77E+11
19640920,19641210,-93.725402,29.680587,1.77E+11
19640831,19640901,-93.718102,29.70061,1.77E+11
19641111,19650125,-93.734753,29.681096,1.77E+11
19640912,19641007,-93.570656,29.689907,1.77E+11
19641015,19641101,-93.622655,29.678836,1.77E+11
19650122,19650203,-93.114605,29.26577,1.77E+11
19650501,19650506,-93.149966,29.233512,1.77E+11
19650419,19650513,-93.138889,29.249108,1.77E+11
19650213,19650528,-93.732546,29.668404,1.77E+11
19650529,19650712,-93.747115,29.66837,1.77E+11
19650313,19650519,-93.739339,29.674936,1.77E+11
19660406,19660407,-93.71287,29.697041,1.77E+11
19641108,19650510,-93.57672,29.68883,1.77E+11
19650127,19650507,-93.266463,29.499905,1.77E+11
19650903,19651027,-93.57994,29.696864,1.77E+11
19650730,19650906,-93.579549,29.688851,1.77E+11
19650623,19650813,-93.716423,29.668862,1.77E+11
19660218,19660219,-93.737429,29.692462,1.77E+11
19641223,19650224,-93.73056,29.675267,1.77E+11
19830202,19830306,-93.73056,29.675267,1.77E+11
19651015,19651026,-93.097483,29.278811,1.77E+11
19651102,19651123,-93.021528,28.794331,1.77E+11
19640912,19640927,-93.048639,29.670693,1.77E+11
19660325,19660402,-93.323008,29.162505,1.77E+11
19660311,19660319,-93.314604,29.197481,1.77E+11
19660110,19660119,-93.150069,29.227776,1.77E+11
19660407,19660417,-93.182452,29.238262,1.77E+11
19660422,19660503,-93.292233,29.120043,1.77E+11
19660219,19660419,-93.679826,29.713149,1.77E+11
19651118,19660114,-93.574427,29.693732,1.77E+11
19660629,19660629,-93.305725,29.169231,1.77E+11
19660429,19660520,-93.716455,29.678151,1.77E+11
19660128,19660326,-93.716455,29.678151,1.77E+11
19660426,19660703,-93.710351,29.686354,1.77E+11
19660619,19660626,-93.319614,29.181007,1.77E+11
19660912,19661020,-93.037696,29.293879,1.77E+11
19661222,19670110,-93.014633,29.390023,1.77E+11
19661004,19661027,-93.097509,29.278838,1.77E+11
19660826,19660928,-93.09748,29.278836,1.77E+11
19660824,19661010,-93.433236,29.449539,1.77E+11
19650309,19650424,-93.71682,29.685521,1.77E+11
19660511,19660526,-93.784934,29.658262,1.77E+11
19660705,19660908,-93.701922,29.704198,1.77E+11
19660810,19660823,-93.036328,28.802234,1.77E+11
19660825,19660904,-93.036328,28.802234,1.77E+11
19660721,19660804,-93.035968,28.780903,1.77E+11
19661219,19670320,-93.794834,29.647984,1.77E+11
19660729,19661005,-93.671617,29.694614,1.77E+11
19661216,19670127,-93.037703,29.293945,1.77E+11
19661105,19661201,-93.097509,29.278855,1.77E+11
19661204,19661230,-93.097509,29.278855,1.77E+11
19670405,19670420,-93.729633,29.686693,1.77E+11
19660701,19660805,-93.784688,29.648226,1.77E+11
19660908,19661121,-93.775404,29.648416,1.77E+11
19670427,19670508,-93.041757,29.301724,1.77E+11
19660604,19660721,-93.38764,29.65322,1.77E+11
19661108,19670123,-93.601109,29.684299,1.77E+11
19660818,19660902,-93.144471,29.369843,1.77E+11
19670712,19670727,-93.161551,29.351912,1.77E+11
19670724,19670818,-93.026385,28.789587,1.77E+11
19670831,19670913,-93.148834,29.36006,1.77E+11
19770419,19770427,-93.148834,29.36006,1.77E+11
19670813,19690119,-93.183014,29.3962,1.77E+11
19670608,19670622,-93.165913,29.384317,1.77E+11
19671024,19671112,-93.166172,29.373391,1.77E+11
19671115,19671211,-93.166277,29.373341,1.77E+11
19671217,19671227,-93.166161,29.373348,1.77E+11
19671228,19680106,-93.166165,29.373369,1.77E+11
19671206,19680207,-93.670164,29.675034,1.77E+11
19671129,19680108,-93.592306,29.699708,1.77E+11
19670915,19680216,-93.408656,29.438572,1.77E+11
19680110,19680124,-93.1662,29.373385,1.77E+11
19680216,19680229,-93.424945,29.46631,1.77E+11
19680229,19680415,-93.424938,29.466307,1.77E+11
19680217,19680319,-93.138896,29.249106,1.77E+11
19680203,19680405,-93.721709,29.647562,1.77E+11
19680417,19680501,-93.424938,29.466307,1.77E+11
19680510,19680522,-93.424938,29.466307,1.77E+11
19680501,19680506,-93.424938,29.466307,1.77E+11
19680210,19680315,-93.166199,29.373364,1.77E+11
19680127,19680209,-93.166199,29.373364,1.77E+11
19680514,19680604,-93.593366,29.649836,1.77E+11
19680628,19680724,-93.58994,29.632941,1.77E+11
19680316,19680407,-93.597327,29.64008,1.77E+11
19671009,19671024,-93.612811,29.640104,1.77E+11
19680207,19680227,-93.619132,29.631486,1.77E+11
19671204,19680107,-93.601,29.644335,1.77E+11
19680715,19680730,-93.055842,29.293863,1.77E+11
19680615,19680914,-93.434634,29.478749,1.77E+11
19670610,19670718,-93.612353,29.631742,1.77E+11
19680907,19680920,-93.182997,29.39617,1.77E+11
19680923,19681003,-93.182997,29.39617,1.77E+11
19670902,19670926,-93.606785,29.641603,1.77E+11
19680815,19680831,-93.284588,29.518317,1.77E+11
19680816,19680902,-93.05582,29.293688,1.77E+11
19680513,19680530,-93.182972,29.39617,1.77E+11
19680603,19680614,-93.182973,29.396189,1.77E+11
19680709,19680827,-93.182998,29.396189,1.77E+11
19681008,19681020,-93.182997,29.396151,1.77E+11
19680927,19681009,-93.055823,29.293701,1.77E+11
19681011,19681017,-93.055823,29.293701,1.77E+11
19680929,19681210,-93.577197,29.678191,1.77E+11
19681031,19681202,-93.061692,29.280706,1.77E+11
19681027,19681110,-93.576686,29.701772,1.77E+11
19680404,19680502,-93.138921,29.2491,1.77E+11
19681116,19681202,-93.421552,29.45432,1.77E+11
19690110,19690131,-93.625382,29.630827,1.77E+11
19690126,19691215,-93.631139,29.632872,1.77E+11
19680908,19681008,-93.264755,29.509144,1.77E+11
19681230,19690118,-93.278431,29.505663,1.77E+11
19680915,19681114,-93.421552,29.45432,1.77E+11
19681022,19681102,-93.183019,29.396167,1.77E+11
19690209,19690220,-93.187343,29.410548,1.77E+11
19690319,19690407,-93.57015,29.701413,1.77E+11
19690222,19690311,-93.57015,29.701413,1.77E+11
19680725,19680918,-93.566927,29.69603,1.77E+11
19690331,19690510,-93.040531,29.633861,1.77E+11
19690218,19690506,-93.108902,29.540113,1.77E+11
19690228,19690430,-93.282887,29.477771,1.77E+11
19690401,19690511,-93.138872,29.249037,1.77E+11
19690709,19690809,-93.186061,28.866107,1.77E+11
19680618,19680707,-93.182972,29.396148,1.77E+11
19681210,19681225,-93.031147,29.367672,1.77E+11
19560326,19560517,-93.01376,29.274675,1.77E+11
19690510,19690812,-93.148723,29.592809,1.77002E+11
19690601,19690621,-93.589902,29.705259,1.77002E+11
19690614,19690817,-93.724243,29.674549,1.77002E+11
19690629,19690722,-93.089011,29.647149,1.77002E+11
19690901,19690917,-93.134742,29.608013,1.77002E+11
19680813,19690912,-93.186061,28.866107,1.77002E+11
19690921,19691102,-93.134742,29.608013,1.77002E+11
19691114,19700925,-93.134742,29.608013,1.77002E+11
19691105,19700312,-93.560632,29.383156,1.77002E+11
19691128,19700121,-93.013753,29.274609,1.77002E+11
19691201,19691225,-93.134742,29.608013,1.77002E+11
19700104,19700118,-93.619174,29.634005,1.77002E+11
19700104,19700115,-93.281199,29.496524,1.77002E+11
19700108,19700314,-93.163701,29.599636,1.77002E+11
19700206,19700405,-93.282875,29.477793,1.77002E+11
19700124,19700207,-93.281194,29.496771,1.77002E+11
19700303,19700318,-93.573522,29.696677,1.77002E+11
19700131,19700329,-93.013749,29.274565,1.77002E+11
19700201,19700221,-93.281235,29.496746,1.77002E+11
19700327,19700416,-93.166073,29.41615,1.77002E+11
19700216,19700227,-93.624852,29.627615,1.77002E+11
19590927,19591011,-93.605951,29.690577,1.77002E+11
19700401,19700414,-93.297084,29.50791,1.77002E+11
19700309,19700331,-93.297084,29.50791,1.77002E+11
19700315,19700412,-93.163701,29.599636,1.77002E+11
19700405,19700607,-93.723985,29.637371,1.77002E+11
19700417,19700613,-93.163701,29.599636,1.77002E+11
19700624,19700709,-93.282883,29.477738,1.77002E+11
19700424,19700603,-93.282883,29.477738,1.77002E+11
19700426,19700507,-93.28443,29.518292,1.77002E+11
19700604,19700706,-93.148724,29.592809,1.77002E+11
19700829,19700910,-93.148724,29.592809,1.77002E+11
19700611,19700710,-93.134731,29.60811,1.77002E+11
19700514,19700521,-93.297084,29.50791,1.77002E+11
19700527,19700609,-93.165086,29.42296,1.77002E+11
20010712,20010714,-93.165086,29.42296,1.77002E+11
19700622,19700718,-93.163701,29.599636,1.77002E+11
19701224,19710127,-93.264977,29.509256,1.77002E+11
19700707,19710212,-93.148724,29.592809,1.77002E+11
19700619,19700704,-93.16501,29.422964,1.77002E+11
19700714,19700731,-93.134742,29.608013,1.77002E+11
19700630,19700724,-93.54748,29.383291,1.77002E+11
19700722,19700830,-93.282903,29.477796,1.77002E+11
19700712,19700806,-93.165101,29.422938,1.77002E+11
19700808,19700826,-93.148661,29.592801,1.77002E+11
19700827,19700913,-93.166441,29.431302,1.77002E+11
19700806,19700825,-93.134742,29.608013,1.77002E+11
19700911,19701020,-93.157087,29.576378,1.77002E+11
19700730,19700815,-93.547185,29.372198,1.77002E+11
19700816,19700827,-93.547185,29.372198,1.77002E+11
19700820,19700907,-93.177478,29.595867,1.77002E+11
19701031,19701110,-93.026412,28.78957,1.77002E+11
19700822,19700908,-93.561047,29.693374,1.77002E+11
19700828,19700911,-93.134742,29.608013,1.77002E+11
19700918,19701101,-93.20055,29.358716,1.77002E+11
19701114,19701222,-93.20055,29.358716,1.77002E+11
20030203,20030223,-93.20055,29.358716,1.77002E+11
19700910,19701016,-93.282909,29.477782,1.77002E+11
19700903,19700913,-93.55158,29.395129,1.77002E+11
19700920,19701010,-93.581443,29.693384,1.77002E+11
19700914,19701002,-93.148661,29.59281,1.77002E+11
19700913,19701004,-93.16652,29.431301,1.77002E+11
19701022,19701123,-93.581444,29.693384,1.77002E+11
19701004,19701021,-93.148661,29.592801,1.77002E+11
19701025,19701222,-93.179579,29.58894,1.77002E+11
19701018,19710124,-93.704957,29.711284,1.77002E+11
19701005,19701104,-93.134742,29.608013,1.77002E+11
19701025,19701113,-93.148661,29.592801,1.77002E+11
19701115,19701205,-93.148661,29.592801,1.77002E+11
19701116,19701125,-93.56559,29.391425,1.77002E+11
19701128,19701208,-93.56559,29.391425,1.77002E+11
19701117,19701128,-93.026413,28.789603,1.77002E+11
19701224,19710207,-93.282912,29.47776,1.77002E+11
19701102,19701222,-93.282912,29.47776,1.77002E+11
19701207,19701226,-93.148661,29.592801,1.77002E+11
19701228,19710315,-93.174426,29.583924,1.77002E+11
19710111,19710118,-93.075948,29.288767,1.77002E+11
19701209,19701217,-93.015166,29.305251,1.77002E+11
19710315,19710430,-93.474384,29.609425,1.77002E+11
19710126,19710312,-93.723988,29.696833,1.77002E+11
19710316,19710412,-93.134732,29.60811,1.77002E+11
19710321,19710805,-93.126259,29.561879,1.77002E+11
19710324,19710611,-93.799192,29.646458,1.77002E+11
19710615,19710703,-93.697205,29.712164,1.77002E+11
19710331,19710529,-93.697205,29.712164,1.77002E+11
19710507,19710519,-93.630993,29.626496,1.77002E+11
19710702,19710829,-93.44572,29.560491,1.77002E+11
19710914,19720107,-93.130627,29.557947,1.77002E+11
19711023,19711108,-93.735617,29.675991,1.77002E+11
19711208,19720109,-93.451644,29.551426,1.77002E+11
19720110,19720316,-93.224915,29.722691,1.77002E+11
19720210,19720322,-93.377661,29.653376,1.77002E+11
19720114,19720429,-93.130627,29.557947,1.77002E+11
19720426,19720619,-93.033414,29.606831,1.77002E+11
19720212,19720412,-93.033414,29.606831,1.77002E+11
19720219,19720319,-93.69806,29.659994,1.77002E+11
19720424,19720614,-93.233014,29.718108,1.77002E+11
19720703,19720821,-93.722994,29.687785,1.77002E+11
19720731,19730516,-93.227574,29.716049,1.77002E+11
19721116,19730218,-93.22742,29.715906,1.77002E+11
19731126,19740218,-93.227423,29.715862,1.77002E+11
19740302,19740506,-93.224893,29.722692,1.77002E+11
19741215,19750114,-93.701811,29.716575,1.77002E+11
19740918,19741118,-93.701811,29.716575,1.77002E+11
19750222,19750410,-93.781885,29.648182,1.77002E+11
19750830,19751020,-93.730392,29.675473,1.77002E+11
19760602,19761009,-93.710102,29.714335,1.77002E+11
19770801,19770801,-93.720309,29.713368,1.77002E+11
19780107,19780316,-93.722506,29.692545,1.77002E+11
19800429,19800506,-93.70818,29.708516,1.77002E+11
19791212,19800305,-93.70818,29.708516,1.77002E+11
19800311,19800416,-93.70818,29.708516,1.77002E+11
19800804,19800925,-93.729689,29.693489,1.77002E+11
19820704,19820804,-93.719258,29.693844,1.77002E+11
19840104,19840107,-93.738215,29.685846,1.77002E+11
19831025,19831217,-93.738215,29.685846,1.77002E+11
19981214,19990117,-93.711091,29.701196,1.77002E+11
19990604,19990620,-93.723831,29.696718,1.77002E+11
19990404,19990418,-93.723831,29.696718,1.77002E+11
19990426,19990502,-93.723831,29.696718,1.77002E+11
19990517,19990604,-93.723831,29.696718,1.77002E+11
19990917,19990917,-93.714736,29.704907,1.77002E+11
19711030,19711110,-93.541356,29.380273,1.77004E+11
19710117,19710301,-93.200522,29.358717,1.77004E+11
19710311,19710407,-93.200522,29.3587,1.77004E+11
19710411,19710505,-93.200528,29.3587,1.77004E+11
19710413,19710606,-93.25099,29.396277,1.77004E+11
19710130,19710413,-93.25099,29.396277,1.77004E+11
19710123,19710201,-93.075948,29.288743,1.77004E+11
19710226,19710309,-93.275521,29.511758,1.77004E+11
19710320,19710427,-93.282915,29.477743,1.77004E+11
19710220,19710320,-93.282915,29.477743,1.77004E+11
19710414,19710613,-93.25582,29.423141,1.77004E+11
19710626,19710920,-93.242627,29.390992,1.77004E+11
19710527,19710617,-93.199773,29.379239,1.77004E+11
19711102,19711113,-93.295008,29.05146,1.77004E+11
19711117,19711130,-93.295008,29.05146,1.77004E+11
19710509,19710520,-93.2829,29.477812,1.77004E+11
19710523,19710618,-93.188359,29.364266,1.77004E+11
19710510,19710630,-93.200535,29.358713,1.77004E+11
19710910,19710927,-93.034247,29.37145,1.77004E+11
19710711,19710816,-93.261394,29.389537,1.77004E+11
19710623,19710708,-93.188331,29.364297,1.77004E+11
19710615,19730529,-93.255792,29.423141,1.77004E+11
19710704,19710715,-93.255792,29.423141,1.77004E+11
19730504,19730529,-93.255792,29.423141,1.77004E+11
19711006,19711010,-93.182796,29.425626,1.77004E+11
19710727,19710813,-93.182796,29.425626,1.77004E+11
19710721,19711022,-93.282037,29.440007,1.77004E+11
19710712,19710824,-93.188334,29.364253,1.77004E+11
19711020,19711104,-93.188362,29.364286,1.77004E+11
19710907,19711101,-93.467924,29.54354,1.77004E+11
19710812,19710902,-93.267848,29.024651,1.77004E+11
19710816,19711012,-93.263949,29.406599,1.77004E+11
19710906,19710912,-93.278591,29.046219,1.77004E+11
19720127,19720228,-93.199885,29.379172,1.77004E+11
19710906,19711209,-93.199885,29.379172,1.77004E+11
19710921,19711025,-93.199601,29.397004,1.77004E+11
19710927,19711117,-93.242668,29.390997,1.77004E+11
19711107,19711201,-93.274925,29.422889,1.77004E+11
19930625,19930712,-93.274925,29.422889,1.77004E+11
19711028,19711103,-93.271916,29.024659,1.77004E+11
19711126,19711207,-93.269066,29.006596,1.77004E+11
19711125,19711213,-93.283203,29.399652,1.77004E+11
19711216,19720204,-93.283203,29.399652,1.77004E+11
19711119,19711203,-93.55712,29.367769,1.77004E+11
19711112,19711209,-93.188313,29.364303,1.77004E+11
19711122,19720115,-93.242639,29.390973,1.77004E+11
19711216,19720105,-93.188321,29.364278,1.77004E+11
19711212,19711229,-93.160728,28.859009,1.77004E+11
19720214,19720317,-93.269467,29.377115,1.77004E+11
19720120,19720301,-93.242648,29.390956,1.77004E+11
19720425,19720509,-93.188303,29.364284,1.77004E+11
19720130,19720321,-93.188303,29.364284,1.77004E+11
19720216,19720317,-93.250964,29.396236,1.77004E+11
19720321,19720425,-93.251014,29.396255,1.77004E+11
20060528,20060602,-93.251014,29.396255,1.77004E+11
19720304,19720428,-93.199857,29.379172,1.77004E+11
19961030,19961117,-93.199857,29.379172,1.77004E+11
19720310,19720401,-93.242636,29.390959,1.77004E+11
19720316,19720327,-93.331322,29.186035,1.77004E+11
19720518,19720531,-93.200629,29.413381,1.77004E+11
19720324,19720423,-93.18834,29.364272,1.77004E+11
19720502,19720518,-93.250974,29.396228,1.77004E+11
19720604,19720616,-93.200978,29.420362,1.77004E+11
19720619,19720703,-93.637223,29.487661,1.77004E+11
19670802,19670821,-93.608678,29.636234,1.77004E+11
19680417,19680507,-93.596109,29.642874,1.77004E+11
19680520,19680614,-93.592143,29.643206,1.77004E+11
19720515,19720816,-93.126224,29.561861,1.77004E+11
19720523,19720920,-93.250997,29.396291,1.77004E+11
20000131,20000218,-93.250997,29.396291,1.77004E+11
19720623,19720708,-93.250949,29.396272,1.77004E+11
19720711,19720723,-93.250975,29.396291,1.77004E+11
19720822,19730109,-93.136955,29.552274,1.77004E+11
19870418,19870522,-93.136955,29.552274,1.77004E+11
19720809,19720903,-93.283184,29.399638,1.77004E+11
19720725,19720814,-93.250974,29.39625,1.77004E+11
19721108,19721120,-93.035346,29.384232,1.77004E+11
19720905,19721009,-93.283185,29.399666,1.77004E+11
19720928,19721026,-93.095183,29.639536,1.77004E+11
19721016,19721104,-93.250977,29.396254,1.77004E+11
20100909,20100925,-93.250977,29.396254,1.77004E+11
19721122,19721215,-93.250996,29.396269,1.77004E+11
19730116,19730429,-93.033464,29.606819,1.77004E+11
19721117,19721218,-93.269467,29.377115,1.77004E+11
19721225,19730116,-93.269451,29.377074,1.77004E+11
19730128,19730509,-93.609314,29.664215,1.77004E+11
19721230,19730208,-93.25095,29.396292,1.77004E+11
19721229,19730131,-93.305204,29.522687,1.77004E+11
19730121,19730507,-93.14566,29.559159,1.77004E+11
19730307,19730403,-93.269439,29.377099,1.77004E+11
19730120,19730224,-93.269439,29.377099,1.77004E+11
19730315,19730331,-93.250999,29.396228,1.77004E+11
19730616,19730707,-93.149809,29.34333,1.77004E+11
19640411,19640419,-93.169412,29.403532,1.77004E+11
20050319,20050327,-93.169412,29.403532,1.77004E+11
19730507,19730629,-93.269461,29.377093,1.77004E+11
19661218,19670310,-93.669464,29.656397,1.77004E+11
19730516,19730824,-93.145666,29.559112,1.77004E+11
19730526,19730705,-93.383549,29.658732,1.77004E+11
19730717,19730814,-93.269429,29.37708,1.77004E+11
19730704,19730919,-93.033433,29.606822,1.77004E+11
19741201,19741230,-93.033433,29.606822,1.77004E+11
19730806,19730823,-93.387315,29.663335,1.77004E+11
19730828,19730924,-93.269495,29.377063,1.77004E+11
19730926,19731011,-93.269495,29.377063,1.77004E+11
19740225,19740517,-93.156755,29.563659,1.77004E+11
19740313,19740401,-93.033429,29.606806,1.77004E+11
19731030,19740122,-93.033429,29.606806,1.77004E+11
19731117,19740219,-93.145662,29.55911,1.77004E+11
19730830,19731117,-93.145662,29.55911,1.77004E+11
19740117,19740204,-93.248724,29.378884,1.77004E+11
19731015,19731108,-93.269473,29.377068,1.77004E+11
19731215,19740305,-93.131218,29.648896,1.77004E+11
19971114,19971120,-93.131218,29.648896,1.77004E+11
19971120,19971129,-93.131218,29.648896,1.77004E+11
19731119,19731206,-93.269508,29.377104,1.77004E+11
19731124,19731218,-93.30783,29.184813,1.77004E+11
19731205,19740202,-93.299753,29.520885,1.77004E+11
19740108,19740125,-93.24194,29.377836,1.77004E+11
19740719,19741030,-93.03344,29.606877,1.77004E+11
19740223,19740317,-93.241952,29.377806,1.77004E+11
19731219,19740110,-93.283207,29.399666,1.77004E+11
19740313,19740402,-93.121848,29.652047,1.77004E+11
19740331,19740429,-93.241914,29.377809,1.77004E+11
19740503,19741121,-93.241914,29.377809,1.77004E+11
19740518,19790905,-93.017003,29.555254,1.77004E+11
19791031,19791205,-93.017003,29.555254,1.77004E+11
19740620,19740702,-93.168453,28.853502,1.77004E+11
19740603,19740902,-93.152193,29.613881,1.77004E+11
19760714,19760826,-93.152193,29.613881,1.77004E+11
19740603,19740701,-93.121814,29.65208,1.77004E+11
19740603,19740617,-93.119847,29.663086,1.77004E+11
19740610,19740914,-93.132442,29.614139,1.77004E+11
19740621,19740813,-93.382659,29.638607,1.77004E+11
19740715,19741101,-93.038266,29.574627,1.77004E+11
19740630,19740804,-93.143894,28.948005,1.77004E+11
19740707,19740804,-93.121946,29.652076,1.77004E+11
19740901,19740927,-93.114316,29.637314,1.77004E+11
19740808,19740828,-93.121975,29.652097,1.77004E+11
19741008,19750122,-93.408418,29.422216,1.77004E+11
19740903,19741003,-93.121912,29.652087,1.77004E+11
19740910,19740920,-93.142418,29.613911,1.77004E+11
19741013,19741111,-93.029777,29.371882,1.77004E+11
19741012,19741104,-93.134948,28.94514,1.77004E+11
19741010,19741031,-93.121917,29.652054,1.77004E+11
19741122,19741222,-93.157983,28.950936,1.77004E+11
19750101,19750128,-93.157983,28.950936,1.77004E+11
19741129,19741231,-93.121966,29.65213,1.77004E+11
19741208,19750130,-93.390597,29.65816,1.77004E+11
19750308,19750424,-93.021594,28.794341,1.77004E+11
19741217,19750219,-93.164017,29.643239,1.77004E+11
19750204,19750217,-93.307672,29.180638,1.77004E+11
19750106,19750121,-93.121988,29.652108,1.77004E+11
19750126,19750304,-93.033461,29.606786,1.77004E+11
19741229,19750306,-93.143299,29.618077,1.77004E+11
19750312,19750427,-93.43072,29.483675,1.77004E+11
19750126,19750219,-93.121959,29.652086,1.77004E+11
19750223,19750319,-93.121896,29.652077,1.77004E+11
19750321,19750403,-93.142074,29.646258,1.77004E+11
19750425,19750508,-93.121924,29.652098,1.77004E+11
19750507,19750516,-93.248704,29.378868,1.77004E+11
19750406,19750507,-93.248704,29.378868,1.77004E+11
19750609,19750721,-93.036777,29.561032,1.77004E+11
19750411,19750420,-93.150308,29.657085,1.77004E+11
19750504,19750516,-93.021547,28.794344,1.77004E+11
19890721,19890807,-93.021547,28.794344,1.77004E+11
20000617,20000620,-93.021547,28.794344,1.77004E+11
19750618,19750701,-93.021532,28.794358,1.77004E+11
19910311,19910408,-93.021532,28.794358,1.77004E+11
19750805,19750807,-93.152196,29.613881,1.77004E+11
19750903,19751122,-93.519302,29.51046,1.77004E+11
19750606,19750622,-93.12193,29.652065,1.77004E+11
19750606,19750705,-93.341579,29.669316,1.77004E+11
19750525,19750612,-93.257483,29.367814,1.77004E+11
19750710,19750731,-93.145441,28.947959,1.77004E+11
19760922,19770107,-93.527207,29.661134,1.77004E+11
19750802,19751101,-93.017032,29.555253,1.77004E+11
19750824,19750918,-93.145454,28.947967,1.77004E+11
19750812,19750904,-93.152193,29.613881,1.77004E+11
19750917,19751005,-93.121982,29.652141,1.77004E+11
19750924,19751123,-93.152202,29.613859,1.77004E+11
19751006,19751122,-93.145479,28.947994,1.77004E+11
19751011,19751025,-93.122007,29.652127,1.77004E+11
19751227,19760122,-93.145482,28.947994,1.77004E+11
19751125,19751218,-93.145482,28.947994,1.77004E+11
19770221,19770314,-93.158312,29.396984,1.77004E+11
19760117,19760305,-93.244137,29.411425,1.77004E+11
19760424,19760825,-93.30272,29.443842,1.77004E+11
19751220,19760706,-93.148273,29.612035,1.77004E+11
19760202,19760219,-93.142077,29.646277,1.77004E+11
19760314,19760405,-93.142104,29.646191,1.77004E+11
19760128,19760305,-93.145467,28.948005,1.77004E+11
19760329,19760419,-93.555129,29.378535,1.77004E+11
19760419,19760517,-93.142105,29.646233,1.77004E+11
19760604,19760819,-93.268548,29.30531,1.77004E+11
19760530,19760622,-93.142078,29.646296,1.77004E+11
19760718,19761015,-93.172133,29.605057,1.77004E+11
19760318,19760511,-93.145482,28.948126,1.77004E+11
19760524,19760626,-93.145454,28.947995,1.77004E+11
19760627,19760720,-93.085114,29.107708,1.77004E+11
19930721,19930802,-93.085114,29.107708,1.77004E+11
19760705,19760811,-93.142073,29.646214,1.77004E+11
19760805,19760907,-93.145426,28.94797,1.77004E+11
19761011,19761101,-93.181726,29.192323,1.77004E+11
19760910,19761003,-93.181726,29.192323,1.77004E+11
19760826,19760913,-93.004761,28.803727,1.77004E+11
19770215,19770420,-93.332294,29.25687,1.77004E+11
19760829,19760921,-93.142109,29.646296,1.77004E+11
19761006,19761111,-93.145426,28.947995,1.77004E+11
19760928,19761204,-93.497571,29.703648,1.77004E+11
19760913,19770318,-93.145414,28.947981,1.77004E+11
19770213,19770222,-93.24223,29.308723,1.77004E+11
19761011,19761116,-93.24223,29.308723,1.77004E+11
19761210,19770212,-93.24223,29.308723,1.77004E+11
19770523,19770612,-93.570704,29.706137,1.77004E+11
19770620,19770816,-93.198804,29.328762,1.77004E+11
19761003,19770303,-93.295278,29.549281,1.77004E+11
19761001,19761028,-93.142073,29.646233,1.77004E+11
19761125,19770227,-93.145441,28.947959,1.77004E+11
19761117,19770108,-93.727623,29.681556,1.77004E+11
20010525,20010609,-93.727623,29.681556,1.77004E+11
19761018,19761110,-93.727623,29.681556,1.77004E+11
19790413,19790423,-93.727623,29.681556,1.77004E+11
19761026,19770211,-93.148301,29.61202,1.77004E+11
19761118,19761203,-93.142078,29.646318,1.77004E+11
20071203,20071211,-93.142078,29.646318,1.77004E+11
19770221,19770321,-93.607413,29.638921,1.77004E+11
19761201,19761209,-93.089233,29.093249,1.77004E+11
19761210,19761217,-93.089233,29.093249,1.77004E+11
19761217,19761224,-93.089233,29.093249,1.77004E+11
19761228,19770112,-93.046764,28.786331,1.77004E+11
19770124,19770314,-93.187605,29.637838,1.77004E+11
19761214,19770106,-93.142108,29.646254,1.77004E+11
19770813,19771018,-93.573533,29.694201,1.77004E+11
19770223,19770428,-93.276413,29.509109,1.77004E+11
19770214,19770223,-93.276413,29.509109,1.77004E+11
19770122,19770203,-93.193693,29.40864,1.77004E+11
19770104,19770324,-93.138482,29.114169,1.77004E+11
19761228,19770107,-93.097522,29.670594,1.77004E+11
19770201,19770312,-93.142105,29.646213,1.77004E+11
19770323,19770401,-93.142105,29.646213,1.77004E+11
19770121,19770406,-93.129492,29.190375,1.77004E+11
19770112,19770120,-93.151939,29.665393,1.77004E+11
19770124,19770207,-93.151939,29.665393,1.77004E+11
19770319,19770323,-93.020752,29.375346,1.77004E+11
19770213,19770301,-93.020752,29.375346,1.77004E+11
19771103,19780128,-93.314959,29.669658,1.77004E+11
19770223,19770327,-93.148304,29.612021,1.77004E+11
19770328,19770515,-93.080932,28.953442,1.77004E+11
19770421,19770523,-93.547642,29.378247,1.77004E+11
19771005,19771009,-93.142073,29.646192,1.77004E+11
19770425,19770502,-93.142073,29.646192,1.77004E+11
19770526,19770615,-93.142073,29.646192,1.77004E+11
19770621,19770719,-93.142073,29.646192,1.77004E+11
19770418,19770707,-93.722336,29.683575,1.77004E+11
19770326,19770512,-93.172415,29.627548,1.77004E+11
19770726,19771128,-93.156781,29.563543,1.77004E+11
19770421,19770509,-93.158358,29.39695,1.77004E+11
19770521,19770601,-93.158358,29.39695,1.77004E+11
19770402,19770701,-93.148301,29.61202,1.77004E+11
19770406,19770428,-93.022793,29.375385,1.77004E+11
19770502,19770518,-93.022793,29.375385,1.77004E+11
19770527,19770624,-93.547624,29.378267,1.77004E+11
19770511,19770824,-93.302878,29.487852,1.77004E+11
19770726,19770918,-93.157159,29.57636,1.77004E+11
19770922,19771013,-93.157159,29.57636,1.77004E+11
19770728,19770813,-93.14211,29.64632,1.77004E+11
19791029,19800207,-93.606165,29.578139,1.77004E+11
19780208,19780303,-93.172433,29.62754,1.77004E+11
19771024,19771225,-93.172433,29.62754,1.77004E+11
19780104,19780201,-93.172433,29.62754,1.77004E+11
19770731,19770914,-93.190505,29.019362,1.77004E+11
19770701,19770723,-93.547623,29.378247,1.77004E+11
19770705,19770803,-93.18168,29.192334,1.77004E+11
19780424,19780718,-93.277086,29.504565,1.77004E+11
20111109,20111211,-93.277086,29.504565,1.77004E+11
19770818,19780115,-93.148301,29.61202,1.77004E+11
19770817,19771029,-93.111481,29.103941,1.77004E+11
19780501,19780706,-93.331206,29.25972,1.77004E+11
19780612,19780703,-93.27495,29.422867,1.77004E+11
19770805,19780424,-93.199857,29.379197,1.77004E+11
19770823,19770923,-93.547642,29.378228,1.77004E+11
19780316,19780410,-93.584094,29.691636,1.77004E+11
19780316,19780331,-93.584094,29.691636,1.77004E+11
19780413,19780604,-93.085101,29.107739,1.77004E+11
20040528,20040603,-93.085101,29.107739,1.77004E+11
20040606,20040611,-93.085101,29.107739,1.77004E+11
20040624,20040703,-93.085101,29.107739,1.77004E+11
19770728,19770820,-93.547643,29.378269,1.77004E+11
19781031,19790131,-93.719484,29.67957,1.77004E+11
19840927,19841024,-93.719484,29.67957,1.77004E+11
19770820,19770924,-93.181711,29.192325,1.77004E+11
19771015,19771117,-93.171377,29.358772,1.77004E+11
19780715,19780922,-93.550166,29.544372,1.77004E+11
19771013,19771107,-93.18167,29.192293,1.77004E+11
,,-93.241968,29.377839,1.77004E+11
19770911,19771130,-93.294061,29.48999,1.77004E+11
19771121,19771227,-93.519477,29.675015,1.77004E+11
19781111,19781206,-93.243221,29.433752,1.77004E+11
19771031,19771121,-93.069203,28.952872,1.77004E+11
19771230,19780218,-93.171355,29.358772,1.77004E+11
19771025,19780204,-93.198234,29.509283,1.77004E+11
19771219,19780219,-93.138444,29.114142,1.77004E+11
19780224,19780410,-93.138444,29.114142,1.77004E+11
19790605,19790626,-93.138444,29.114142,1.77004E+11
19780217,19780507,-93.140631,29.608166,1.77004E+11
19780801,19781016,-93.197966,29.503374,1.77004E+11
19780821,19780908,-93.045378,28.786374,1.77004E+11
19960319,19960321,-93.045378,28.786374,1.77004E+11
19780104,19780308,-93.391162,29.182679,1.77004E+11
19771224,19780223,-93.156781,29.563543,1.77004E+11
19780116,19780208,-93.554106,29.693492,1.77004E+11
19780109,19780122,-93.025412,28.799734,1.77004E+11
19780110,19780218,-93.060985,29.070667,1.77004E+11
19780919,19781005,-93.090682,29.075248,1.77004E+11
19780401,19780411,-93.069291,28.783378,1.77004E+11
19780126,19780318,-93.069291,28.783378,1.77004E+11
19780128,19780219,-93.025393,28.799737,1.77004E+11
19781216,19781216,-93.654595,29.597369,1.77004E+11
19780729,19780823,-93.171402,29.358788,1.77004E+11
19790117,19790207,-93.20064,29.340251,1.77004E+11
19780308,19780507,-93.157159,29.57636,1.77004E+11
19780223,19780329,-93.17133,29.358775,1.77004E+11
19780227,19780313,-93.025387,28.799718,1.77004E+11
19780707,19780928,-93.134161,29.40788,1.77004E+11
19780421,19780501,-93.171358,29.358794,1.77004E+11
19780323,19780717,-93.152262,29.600351,1.77004E+11
19780329,19780424,-93.0132,29.294116,1.77004E+11
19780318,19780404,-93.025402,28.799712,1.77004E+11
19980202,19980218,-93.025402,28.799712,1.77004E+11
19780316,19780319,-93.78976,29.647048,1.77004E+11
19780522,19780903,-93.136455,29.546161,1.77004E+11
19780426,19780519,-93.188352,29.364247,1.77004E+11
19780422,19780607,-93.138472,29.114131,1.77004E+11
19780604,19780617,-93.013197,29.294094,1.77004E+11
19780410,19780501,-93.025421,28.799706,1.77004E+11
19960115,19960203,-93.025421,28.799706,1.77004E+11
19780612,19780712,-93.188296,29.364262,1.77004E+11
19780717,19780825,-93.390645,29.658159,1.77004E+11
19780507,19780521,-93.025414,28.799684,1.77004E+11
19780507,19780519,-93.171395,29.358747,1.77004E+11
19780529,19780609,-93.091177,28.960542,1.77004E+11
19790523,19790630,-93.40744,29.647806,1.77004E+11
19790208,19790223,-93.40744,29.647806,1.77004E+11
19790226,19790304,-93.40744,29.647806,1.77004E+11
19790314,19790314,-93.40744,29.647806,1.77004E+11
19790315,19790504,-93.40744,29.647806,1.77004E+11
19780719,19780810,-93.060065,28.780916,1.77004E+11
19780613,19780712,-93.060065,28.780916,1.77004E+11
19780615,19780806,-93.136761,29.580322,1.77004E+11
19780607,19780615,-93.085104,29.107686,1.77004E+11
19870914,19871115,-93.085104,29.107686,1.77004E+11
19780622,19780702,-93.085109,29.107457,1.77004E+11
19780905,19781004,-93.138453,29.114162,1.77004E+11
19780620,19780725,-93.138453,29.114162,1.77004E+11
19780801,19780822,-93.138453,29.114162,1.77004E+11
19780714,19780813,-93.102162,29.660009,1.77004E+11
19790217,19790401,-93.022514,29.573318,1.77004E+11
19780628,19780726,-93.171373,29.35875,1.77004E+11
19780715,19781020,-93.268453,29.30527,1.77004E+11
19980208,19980219,-93.268453,29.30527,1.77004E+11
19780616,19780623,-93.171333,29.3588,1.77004E+11
19790319,19790404,-93.138434,29.114123,1.77004E+11
19790111,19790318,-93.138434,29.114123,1.77004E+11
19790802,19791201,-93.140627,29.608163,1.77004E+11
19780728,19790211,-93.289821,29.258875,1.77004E+11
19780905,19780930,-93.190881,29.129501,1.77004E+11
19780822,19780909,-93.107607,29.644066,1.77004E+11
19780812,19781004,-93.24231,29.308812,1.77004E+11
19771103,19771116,-93.025431,28.799728,1.77004E+11
19961107,19961113,-93.025431,28.799728,1.77004E+11
19770910,19771103,-93.025431,28.799728,1.77004E+11
19961015,19961107,-93.025431,28.799728,1.77004E+11
19780903,19780908,-93.171402,29.358766,1.77004E+11
19780910,19780918,-93.045372,28.786357,1.77004E+11
19960915,19960924,-93.045375,28.786357,1.77004E+11
19781006,19781210,-93.173309,29.566095,1.77004E+11
19800217,19800512,-93.03472,29.62644,1.77004E+11
19781004,19790112,-93.193774,29.487698,1.77004E+11
19780910,19781019,-93.045397,28.786351,1.77004E+11
19960331,19960402,-93.045397,28.786351,1.77004E+11
19781004,19790130,-93.704684,29.604373,1.77004E+11
19781027,19790206,-93.157526,29.672145,1.77004E+11
19781017,19790101,-93.138465,29.114112,1.77004E+11
19781012,19781106,-93.091206,29.228229,1.77004E+11
19791115,19791201,-93.242162,29.363754,1.77004E+11
19790805,19791115,-93.242162,29.363754,1.77004E+11
19781025,19781115,-93.045403,28.786368,1.77004E+11
19960418,19960420,-93.045403,28.786368,1.77004E+11
19810227,19810325,-93.247315,29.719099,1.77004E+11
19800920,19810105,-93.247315,29.719099,1.77004E+11
19810127,19810226,-93.247315,29.719099,1.77004E+11
19781121,19781201,-93.045393,28.786335,1.77004E+11
19960501,19960502,-93.045393,28.786335,1.77004E+11
19781206,19781217,-93.045368,28.786341,1.77004E+11
19971011,19971015,-93.045368,28.786341,1.77004E+11
19971020,19971024,-93.045368,28.786341,1.77004E+11
19971029,19971101,-93.045368,28.786341,1.77004E+11
19971107,19971111,-93.045368,28.786341,1.77004E+11
19781108,19790127,-93.150945,29.616882,1.77004E+11
19781216,19790116,-93.29321,29.424759,1.77004E+11
19790214,19790517,-93.14063,29.608136,1.77004E+11
19781214,19790418,-93.152259,29.600348,1.77004E+11
19790407,19790616,-93.241972,29.377869,1.77004E+11
,,-93.244137,29.411425,1.77004E+11
19810125,19810325,-93.746001,29.674563,1.77004E+11
19791008,19791105,-93.413868,29.660458,1.77004E+11
19781120,19790124,-93.158048,29.625857,1.77004E+11
19781212,19781228,-93.195032,29.335075,1.77004E+11
19781228,19790109,-93.195032,29.335075,1.77004E+11
19790212,19790303,-93.080932,28.953442,1.77004E+11
19781226,19790121,-93.198838,29.32877,1.77004E+11
19790219,19790618,-93.683395,29.669002,1.77004E+11
19790629,19790824,-93.300008,29.419115,1.77004E+11
19800428,19800904,-93.295716,29.434642,1.77004E+11
19790301,19790420,-93.131162,29.648894,1.77004E+11
19970928,19971019,-93.131162,29.648894,1.77004E+11
19971020,19971104,-93.131162,29.648894,1.77004E+11
20050302,20050310,-93.131162,29.648894,1.77004E+11
19791113,19800408,-93.557859,29.583756,1.77004E+11
19790224,19790321,-93.200656,29.340273,1.77004E+11
19790310,19790409,-93.194857,29.026335,1.77004E+11
19790414,19790515,-93.138455,29.11409,1.77004E+11
,,-93.138455,29.11409,1.77004E+11
19800409,19800427,-93.689069,29.603807,1.77004E+11
19791229,19800409,-93.689069,29.603807,1.77004E+11
19790312,19790409,-93.080932,28.953442,1.77004E+11
19790426,19790824,-93.152542,29.600341,1.77004E+11
19790819,19791009,-93.528298,29.500707,1.77004E+11
19790627,19790717,-93.200669,29.34027,1.77004E+11
19790427,19790515,-93.131171,29.648886,1.77004E+11
19800107,19800610,-93.294649,29.549291,1.77004E+11
19790525,19790609,-93.080907,28.953439,1.77004E+11
19790708,19790810,-93.548982,29.681603,1.77004E+11
19790601,19790619,-93.102136,29.659968,1.77004E+11
19790603,19790803,-93.331206,29.25972,1.77004E+11
19790705,19790816,-93.164942,29.423012,1.77004E+11
20010505,20010525,-93.164942,29.423012,1.77004E+11
19790615,19790701,-93.131199,29.648863,1.77004E+11
19970820,19970901,-93.131199,29.648863,1.77004E+11
19810609,19811001,-93.72383,29.683609,1.77004E+11
19790626,19790716,-93.060024,28.781059,1.77004E+11
19810210,19810619,-93.143597,29.525947,1.77004E+11
19790628,19790716,-93.102168,29.65996,1.77004E+11
19790720,19790804,-93.102168,29.65996,1.77004E+11
19790628,19791007,-93.236133,29.703194,1.77004E+11
19791011,19800128,-93.250795,29.656592,1.77004E+11
19790926,19800324,-93.193414,29.59688,1.77004E+11
19790929,19791220,-93.486609,29.686569,1.77004E+11
19790730,19790809,-93.200665,29.340248,1.77004E+11
19790802,19790818,-93.060024,28.781059,1.77004E+11
19790814,19790903,-93.102174,29.659981,1.77004E+11
19790927,19791116,-93.331191,29.259731,1.77004E+11
19800918,19801111,-93.331191,29.259731,1.77004E+11
19791214,19800104,-93.115853,29.279354,1.77004E+11
19791016,19791110,-93.060024,28.781059,1.77004E+11
19790905,19791109,-93.172424,29.627573,1.77004E+11
19790901,19800116,-93.152259,29.600345,1.77004E+11
19790821,19790910,-93.060024,28.781056,1.77004E+11
19790923,19791030,-93.102174,29.659981,1.77004E+11
19790914,19791006,-93.060024,28.781056,1.77004E+11
,,-93.200587,29.340288,1.77004E+11
19791115,19800124,-93.029225,29.670565,1.77004E+11
19791022,19791122,-93.528296,29.500724,1.77004E+11
19800213,19800311,-93.180184,29.11907,1.77004E+11
19800626,19800912,-93.180184,29.11907,1.77004E+11
19791119,19800304,-93.167962,29.681034,1.77004E+11
19791123,19800206,-93.172405,29.627565,1.77004E+11
19791128,19791209,-93.060021,28.781056,1.77004E+11
19791127,19950101,-93.331206,29.25972,1.77004E+11
19950117,19950226,-93.331206,29.25972,1.77004E+11
19950317,19950617,-93.331206,29.25972,1.77004E+11
19791214,19800205,-93.178365,29.243455,1.77004E+11
19791215,19791225,-93.060024,28.781059,1.77004E+11
19800517,19800603,-93.194212,29.033561,1.77004E+11
19800503,19800625,-93.178407,29.243397,1.77004E+11
19830228,19830409,-93.178407,29.243397,1.77004E+11
19800225,19800421,-93.178407,29.243397,1.77004E+11
19800214,19800608,-93.198311,29.319786,1.77004E+11
19800612,19801202,-93.331218,29.259709,1.77004E+11
19800219,19800324,-93.331218,29.259709,1.77004E+11
19800325,19800420,-93.331218,29.259709,1.77004E+11
19800421,19800611,-93.331218,29.259709,1.77004E+11
19801118,19810115,-93.132907,28.779186,1.77004E+11
19800330,19800508,-93.10215,29.660058,1.77004E+11
19910531,19910630,-93.10215,29.660058,1.77004E+11
20050203,20050211,-93.10215,29.660058,1.77004E+11
19800816,19801015,-93.618725,29.571077,1.77004E+11
19800418,19800721,-93.388864,29.538985,1.77004E+11
19831112,19831130,-93.527786,29.367747,1.77004E+11
19810225,19810427,-93.150988,29.616868,1.77004E+11
19801009,19810128,-93.150988,29.616868,1.77004E+11
19800523,19800609,-93.058928,28.970597,1.77004E+11
19801004,19801030,-93.252164,29.476371,1.77004E+11
19800617,19801209,-93.253403,29.676299,1.77004E+11
19801020,19810114,-93.331793,29.40042,1.77004E+11
19800625,19801017,-93.331793,29.40042,1.77004E+11
19800702,19800908,-93.331206,29.25972,1.77004E+11
19940922,19941005,-93.331206,29.25972,1.77004E+11
19800612,19800627,-93.102178,29.660003,1.77004E+11
19800706,19801007,-93.15117,29.241133,1.77004E+11
19800711,19801017,-93.193434,29.596968,1.77004E+11
19800824,19800907,-93.097473,29.071042,1.77004E+11
19800816,19800907,-93.081828,29.219947,1.77004E+11
19800820,19801207,-93.55803,29.583938,1.77004E+11
19800915,19801004,-93.097433,29.071054,1.77004E+11
19801210,19810814,-93.139627,29.542958,1.77004E+11
19801029,19801110,-93.097458,29.071053,1.77004E+11
19801009,19801023,-93.097445,29.071043,1.77004E+11
19801019,19810202,-93.297379,29.264169,1.77004E+11
19801231,19810426,-93.193434,29.596968,1.77004E+11
19801029,19810209,-93.199096,29.606288,1.77004E+11
19801027,19801124,-93.195122,29.329095,1.77004E+11
19801025,19810220,-93.277445,29.275419,1.77004E+11
19820326,19820327,-93.277445,29.275419,1.77004E+11
19801120,19810316,-93.430242,29.541071,1.77004E+11
19811227,19820505,-93.66525,29.627192,1.77004E+11
19801203,19810112,-93.09765,29.225095,1.77004E+11
19801219,19810119,-93.195123,29.329114,1.77004E+11
19810130,19810606,-93.161749,29.309689,1.77004E+11
19810314,19810529,-93.085815,29.266814,1.77004E+11
19810209,19810612,-93.297404,29.264146,1.77004E+11
19810309,19810512,-93.223948,29.687905,1.77004E+11
19810801,19811005,-93.19668,29.567949,1.77004E+11
19810704,19810818,-93.598948,29.646879,1.77004E+11
19810220,19810428,-93.199162,29.60626,1.77004E+11
19810301,19810521,-93.216324,29.70368,1.77004E+11
19810320,19810425,-93.609405,29.574089,1.77004E+11
19810317,19810703,-93.170813,29.105533,1.77004E+11
19810817,19811007,-93.150957,29.616871,1.77004E+11
19811009,19811025,-93.297351,29.264167,1.77004E+11
19810623,19810902,-93.297351,29.264167,1.77004E+11
19810610,19810716,-93.295751,29.434672,1.77004E+11
19810507,19810507,-93.602802,29.536752,1.77004E+11
19810511,19810728,-93.345148,29.237649,1.77004E+11
19820121,19820521,-93.635528,29.528025,1.77004E+11
19810509,19810718,-93.199162,29.60626,1.77004E+11
19810726,19811005,-93.602769,29.536725,1.77004E+11
19810713,19810818,-93.100858,29.037407,1.77004E+11
19810719,19810805,-93.110861,29.089994,1.77004E+11
19810812,19811005,-93.199162,29.60626,1.77004E+11
19810729,19810811,-93.199162,29.60626,1.77004E+11
19810813,19811024,-93.0774,29.283267,1.77004E+11
19820322,19820330,-93.112589,29.110152,1.77004E+11
19810901,19811130,-93.384814,29.199848,1.77004E+11
19820223,19820523,-93.377831,29.538346,1.77004E+11
19810830,19820215,-93.142307,29.537593,1.77004E+11
19820215,19820318,-93.112589,29.11013,1.77004E+11
19811010,19811119,-93.196297,29.117507,1.77004E+11
19811029,19820326,-93.130602,29.557909,1.77004E+11
19811102,19811222,-93.297338,29.264156,1.77004E+11
19811017,19811203,-93.243221,29.433752,1.77004E+11
19811117,19820107,-93.243588,29.649376,1.77004E+11
19811105,19820107,-93.36933,29.245825,1.77004E+11
19811020,19811230,-93.086377,29.627638,1.77004E+11
19820126,19820204,-93.195144,29.329106,1.77004E+11
19811205,19820106,-93.08309,29.554685,1.77004E+11
19811219,19820209,-93.273619,29.466321,1.77004E+11
19820115,19820526,-93.481763,29.392581,1.77004E+11
19811203,19820125,-93.178358,29.243439,1.77004E+11
19811226,19820412,-93.298741,29.471964,1.77004E+11
19820507,19820616,-93.150985,29.616846,1.77004E+11
19811228,19820221,-93.297367,29.264155,1.77004E+11
19820117,19820516,-93.32438,29.224503,1.77004E+11
19820901,19821129,-93.104752,29.608526,1.77004E+11
19820117,19820502,-93.130965,29.541866,1.77004E+11
19820125,19820322,-93.086358,29.627621,1.77004E+11
19820925,19830113,-93.163177,29.544113,1.77004E+11
19820222,19820602,-93.122131,29.548418,1.77004E+11
19820208,19820406,-93.412345,29.494807,1.77004E+11
19830531,19830807,-93.184035,29.11083,1.77004E+11
19830315,19830512,-93.018524,28.803038,1.77004E+11
19820204,19820322,-93.17843,29.24344,1.77004E+11
19821120,19830116,-93.146101,29.542494,1.77004E+11
19820228,19820417,-93.297366,29.264133,1.77004E+11
19820531,19820714,-93.242317,29.308864,1.77004E+11
19820216,19820524,-93.242317,29.308864,1.77004E+11
19820420,19820521,-93.112574,29.110163,1.77004E+11
19820327,19820702,-93.378781,29.426373,1.77004E+11
19820825,19821015,-93.178361,29.243417,1.77004E+11
20000507,20000515,-93.178361,29.243417,1.77004E+11
19820401,19820705,-93.019949,29.663881,1.77004E+11
19820326,19820418,-93.421951,29.471526,1.77004E+11
19820330,19820520,-93.178361,29.243396,1.77004E+11
20041124,20041205,-93.178361,29.243396,1.77004E+11
19820416,19821226,-93.277454,29.275399,1.77004E+11
19830317,19830511,-93.151516,29.569804,1.77004E+11
19820628,19820916,-93.139898,29.567586,1.77004E+11
19820509,19821110,-93.138909,29.53259,1.77004E+11
19820522,19820628,-93.087569,29.679892,1.77004E+11
19820919,19821113,-93.331678,29.228749,1.77004E+11
19820527,19820704,-93.331678,29.228749,1.77004E+11
19820705,19820918,-93.331678,29.228749,1.77004E+11
19820802,19820913,-93.292226,29.629659,1.77004E+11
19821231,19830114,-93.292226,29.629659,1.77004E+11
19820914,19821024,-93.292226,29.629659,1.77004E+11
19821025,19821230,-93.292226,29.629659,1.77004E+11
19820616,19820825,-93.08364,29.647375,1.77004E+11
19820609,19820721,-93.423548,29.411672,1.77004E+11
19830203,19830410,-93.27746,29.275377,1.77004E+11
19820613,19820710,-93.166614,29.565568,1.77004E+11
19820824,19821013,-93.35218,29.209626,1.77004E+11
19820607,19820930,-93.66526,29.627211,1.77004E+11
19820606,19820713,-93.178383,29.243438,1.77004E+11
19830223,19830424,-93.331731,29.228726,1.77004E+11
19820611,19820701,-93.016136,29.314488,1.77004E+11
19820620,19820911,-93.331809,29.400393,1.77004E+11
19820630,19820810,-93.421951,29.471526,1.77004E+11
19800511,19800817,-93.178662,29.596899,1.77004E+11
19820412,19820605,-93.24353,29.649264,1.77004E+11
19820814,19820831,-93.163698,29.599498,1.77004E+11
19820728,19820823,-93.143743,29.578768,1.77004E+11
19900309,19900406,-93.466972,29.381409,1.77004E+11
19820718,19820821,-93.178405,29.243441,1.77004E+11
19820722,19820930,-93.151693,29.443164,1.77004E+11
19820730,19820923,-93.254771,29.714265,1.77004E+11
19820721,19821020,-93.176995,29.626216,1.77004E+11
19820915,19820916,-93.421932,29.47151,1.77004E+11
19821020,19821115,-93.421932,29.47151,1.77004E+11
19820814,19820907,-93.421914,29.471526,1.77004E+11
19820812,19821001,-93.113588,29.043216,1.77004E+11
