State, Facility Name, Facility ID (ORISPL), Year,CO2 (Mt), Facility Latitude, Facility Longitude
AK,Healy Power Plant,6288,2021,0,63.8542,-148.95
AL,AMEA Sylacauga Plant,56018,2021,0.000298373,33.1661,-86.2825
AL,Ascend (Decatur Plant),880041,2021,0,34.6339,-87.0244
AL,Barry,3,2021,1.278863661,31.0069,-88.0103
AL,Calhoun Energy Center,55409,2021,0.00972028,33.5883,-85.9731
AL,Central Alabama Gen Station,55440,2021,0.49393258,32.6503,-86.7386
AL,Colbert,47,2021,0.008143346,34.7439,-87.8486
AL,Decatur Energy Center,55292,2021,0.139284371,34.6292,-87.0214
AL,E B Harris Generating Plant,7897,2021,0.356295525,32.3814,-86.5736
AL,E C Gaston,26,2021,1.392399724,33.2442,-86.4567
AL,Gadsden,7,2021,0,34.0128,-85.9708
AL,Greene County,10,2021,0.043094216,32.6017,-87.7811
AL,Hillabee Energy Center,55411,2021,0.474529683,33,-85.9031
AL,Hog Bayou Energy Center,55241,2021,0.161165148,30.7478,-88.0575
AL,International Paper-Prattville Mill,52140,2021,0,32.4167,-86.4667
AL,James H Miller Jr,6002,2021,5.200177378,33.6319,-87.0597
AL,McIntosh (7063),7063,2021,0.03730405,31.2546,-88.0299
AL,McWilliams,533,2021,0.400952447,31.4001,-86.4767
AL,Morgan Energy Center,55293,2021,0.423107316,34.6397,-87.0639
AL,Plant H. Allen Franklin,7710,2021,1.010533307,32.6094,-85.0961
AL,SABIC Innovative Plastics - Burkville,7698,2021,0.077742942,32.3102,-86.5242
AL,Tenaska Lindsay Hill Generating Station,55271,2021,0.103454804,32.6514,-86.7386
AL,Theodore Cogeneration,7721,2021,0.18284604,30.5248,-88.1289
AL,Walton Discover Power Facility,55138,2021,0,32.5412,-85.0384
AL,Washington County Cogen (Olin),7697,2021,0.12912327,31.2622,-88.0052
AR,Carl Bailey,202,2021,0,35.2597,-91.3631
AR,City Water & Light - City of Jonesboro,56505,2021,0.002986181,35.8481,-90.7257
AR,Dell Power Plant,55340,2021,0.220619558,35.8619,-90.0253
AR,Flint Creek Power Plant,6138,2021,0.774817727,36.2561,-94.5241
AR,Fulton,7825,2021,0.019988385,33.6094,-93.7924
AR,Harry D. Mattison Power Plant,56328,2021,0.019744609,36.1855,-94.2841
AR,Hot Spring Energy Facility,55418,2021,0.23665227,34.2963,-92.8683
AR,Independence,6641,2021,1.156727633,35.6733,-91.4083
AR,John W. Turk Jr. Power Plant,56564,2021,0.595058282,33.6497,-93.8119
AR,Lake Catherine,170,2021,0.000983274,34.4341,-92.9046
AR,Magnet Cove Generating Station,55714,2021,0.023066555,34.4304,-92.8333
AR,McClellan,203,2021,0.007889276,33.5648,-92.7917
AR,Oswald Generating Station,55221,2021,0.024002103,34.5923,-92.2166
AR,Pine Bluff Energy Center,55075,2021,0.155704624,34.2181,-91.9025
AR,Plum Point Energy Station,56456,2021,1.019473313,35.6626,-89.9469
AR,Thomas Fitzhugh,201,2021,0.023493008,35.4617,-93.8053
AR,Union Power Station,55380,2021,0.689801728,33.2961,-92.5933
AR,White Bluff,6009,2021,2.094891664,34.4236,-92.1392
AZ,APS Saguaro Power Plant,118,2021,0.008150633,32.5517,-111.3
AZ,APS West Phoenix Power Plant,117,2021,0.139547804,33.4417,-112.1583
AZ,Agua Fria Generating Station,141,2021,0.001159937,33.5542,-112.2161
AZ,Apache Station,160,2021,0.380466926,32.0619,-109.8931
AZ,Arlington Valley Energy Facility,55282,2021,0.212353367,33.3417,-112.8897
AZ,Black Mountain Generating Station,56482,2021,0.004697582,35.0361,-114.1594
AZ,Cholla,113,2021,0.308238775,34.9394,-110.3033
AZ,Coolidge Generating Station,56948,2021,0.033522355,32.9175,-111.5041
AZ,Coronado Generating Station,6177,2021,0.42746548,34.5778,-109.2717
AZ,De Moss Petrie Generating Station,124,2021,4.96974E-05,32.2511,-110.9889
AZ,Desert Basin Generating Station,55129,2021,0.162691403,32.9042,-111.7889
AZ,Gila River Power Station,55306,2021,0.778808844,32.9761,-112.694
AZ,Griffith Energy Project,55124,2021,0.274072534,35.0517,-114.1334
AZ,Irvington Generating Station,126,2021,0.030878258,32.16,-110.9047
AZ,Kyrene Generating Station,147,2021,0.112757191,33.3544,-111.9364
AZ,Mesquite Generating Station,55481,2021,0.512161977,33.3451,-112.8638
AZ,New Harquahala Generating Company,55372,2021,0,33.4759,-113.1133
AZ,Ocotillo Power Plant,116,2021,0.053567138,33.4225,-111.9122
AZ,Redhawk Generating Facility,55455,2021,0.455502102,33.33,-112.84
AZ,Santan,8068,2021,0.328242427,33.3333,-111.751
AZ,"South Point Energy Center, LLC",55177,2021,0.214978546,34.8678,-114.5317
AZ,Springerville Generating Station,8223,2021,1.951025432,34.3186,-109.1636
AZ,Sundance Power Plant,55522,2021,0.029959302,32.9285,-111.5899
AZ,Yucca Power Plant,120,2021,0.03492773,32.7214,-114.7097
AZ,Yuma Cogeneration Associates,54694,2021,0.001951944,32.7286,-114.6542
CA,AES Alamitos,315,2021,0.232918635,33.7688,-118.1009
CA,AES Huntington Beach,335,2021,0.33323331,33.6436,-117.9788
CA,AES Redondo Beach,356,2021,0.000687374,33.8504,-118.395
CA,Agua Mansa Power,55951,2021,0.000233419,34.0414,-117.3603
CA,Algonquin Power Sanger,57564,2021,0.005305649,36.72,-119.55
CA,Almond Power Plant,7315,2021,0.021711214,37.5739,-120.9854
CA,Badger Creek Limited,10650,2021,0.000300891,35.4837,-119.0299
CA,Barre Generating Station,56474,2021,0.003787693,33.8073,-117.9833
CA,Bear Mountain Limited,10649,2021,0.000241175,35.4192,-118.9266
CA,Blythe Energy,55295,2021,0.120914363,33.6157,-114.6865
CA,Cabrillo Power I Encina Power Station,302,2021,0.037962306,33.1408,-117.3342
CA,CalPeak Power - Border,55510,2021,0.002314203,32.5622,-116.9433
CA,CalPeak Power - Enterprise,55513,2021,0.001840062,33.1221,-117.117
CA,CalPeak Power - Panoche,55508,2021,0.002025096,36.6531,-120.5797
CA,CalPeak Power - Vaca Dixon,55499,2021,0.002242042,38.3989,-121.9239
CA,"Calpine Gilroy Cogen, LP",10034,2021,0.007671261,37.0001,-121.5367
CA,Calpine Sutter Energy Center,55112,2021,0.074948272,39.0531,-121.6939
CA,Canyon Power Plant,57027,2021,0.00486825,33.8581,-117.8616
CA,Carson Cogeneration,7527,2021,0.029855272,38.4461,-121.4614
CA,Carson Cogeneration Company,10169,2021,0.000161204,33.8759,-118.2491
CA,Center Generating Station,56475,2021,0.001027878,33.9297,-118.1047
CA,Chula Vista Energy Center,55540,2021,0.000167868,32.5914,-117.0586
CA,Coalinga Cogeneration Facility,50131,2021,0,36.1807,-120.3885
CA,Colusa Generating Station,56532,2021,0.177341252,39.3648,-122.268
CA,Cosumnes Power Plant,55970,2021,0.376124769,38.3383,-121.1239
CA,Creed Energy Center,55625,2021,0.000704501,38.2419,-121.8551
CA,Cuyamaca Peak Energy,55512,2021,0.000372829,32.7971,-116.972
CA,DTE Stockton,54238,2021,0.134975928,37.9416,-121.3273
CA,"Delano Energy Center, LLC",58122,2021,0.000692709,35.7909,-119.2945
CA,"Delta Energy Center, LLC",55333,2021,0.401229558,38.0167,-121.8439
CA,Donald Von Raesfeld,56026,2021,0.087462999,37.3767,-121.9508
CA,El Cajon Energy Center,57001,2021,0.000171759,32.7971,-116.972
CA,El Centro,389,2021,0.054558432,32.8022,-115.54
CA,El Segundo,330,2021,0.009124537,33.9106,-118.425
CA,Elk Hills Power,55400,2021,0.322944877,35.2802,-119.4699
CA,"Escondido Energy Center, LLC",55538,2021,0.001386596,33.1261,-117.1172
CA,Feather River Energy Center,55847,2021,0.003296528,39.1088,-121.6133
CA,"Fresno Cogeneration Partners, LP",10156,2021,3.28337E-05,36.6183,-120.1
CA,Gateway Generating Station,56476,2021,0.367202136,38.0167,-121.7592
CA,"Gilroy Energy Center, LLC",55810,2021,0.001571934,36.999,-121.5363
CA,Glenarm,422,2021,0.00184218,34.1256,-118.1474
CA,Goal Line,54749,2021,3.45093E-05,33.1185,-117.0995
CA,Goose Haven Energy Center,55627,2021,0.000814711,38.2271,-121.844
CA,Grapeland Generating Station,56472,2021,0.004106504,34.09,-117.534
CA,Grayson Power Plant,377,2021,0.026500351,34.1556,-118.2782
CA,Hanford Energy Park Peaker,55698,2021,0.000190501,36.2689,-119.6469
CA,Harbor Generating Station,399,2021,0.00772125,33.7691,-118.2662
CA,Haynes Generating Station,400,2021,0.06167039,33.7639,-118.0942
CA,Henrietta Peaker Plant,55807,2021,0.001744027,36.2397,-119.9044
CA,High Desert Power Project,55518,2021,0.37522043,34.5953,-117.3647
CA,Indigo Generation Facility,55541,2021,0.002817008,33.9114,-116.5533
CA,Ivanpah 1,57074,2021,0.004862239,35.5356,-115.4515
CA,Ivanpah 2,57073,2021,0.005055833,35.5561,-115.4686
CA,Ivanpah 3,57075,2021,0.00437744,35.5808,-115.4825
CA,King City Power Plant,10294,2021,0.005127507,36.225,-121.1278
CA,Kingsburg Cogen Facility,10405,2021,0.000292555,36.547,-119.578
CA,La Paloma Generating Plant,55151,2021,0.030999306,35.2956,-119.5919
CA,Lake,7987,2021,0,34.1775,-118.3147
CA,Lambie Energy Center,55626,2021,0.000811011,38.2216,-121.8683
CA,Larkspur Energy Faciity,55542,2021,0.001130926,32.5672,-116.9444
CA,Live Oak Limited,54768,2021,0.000311754,35.4837,-119.0298
CA,Lodi Energy Center,57978,2021,0.106426269,38.088,-121.3867
CA,Long Beach Generating Station,341,2021,4.20925E-05,33.7641,-118.2248
CA,Los Esteros Critical Energy Facility,55748,2021,0.016287936,37.425,-121.9319
CA,"Los Medanos Energy Center, LLC",55217,2021,0.362427617,38.03,-121.8708
CA,Magnolia,56046,2021,0.013107032,34.1788,-118.3153
CA,Malaga Power,56239,2021,0.000922126,36.6894,-119.7399
CA,Malburg Generating Station,56041,2021,0.051411615,33.9983,-118.2219
CA,Mariposa Energy Project,57483,2021,0.00769365,37.7965,-121.6049
CA,Marsh Landing Generating Station,57267,2021,0.031957389,38.0171,-121.7651
CA,McGrath Generating Station,56471,2021,0.000188086,34.2054,-119.2478
CA,McKittrick Limited,50612,2021,0.000416942,35.3195,-119.662
CA,Metcalf Energy Center,55393,2021,0.226394212,37.2169,-121.7439
CA,Midway Peaking,56639,2021,0.003370247,36.654,-120.5797
CA,Mira Loma Generating Station,56473,2021,0.000942152,34.0054,-117.5604
CA,Miramar Energy Facility,56232,2021,0.002329734,32.8769,-117.1664
CA,Moss Landing,260,2021,0.470468675,36.8042,-121.7775
CA,Mountainview Generating Station,358,2021,0.090950823,34.0836,-117.2408
CA,NCPA Combustion Turbine Project #2,7449,2021,0.002345524,38.088,-121.3871
CA,Niland Gas Turbine Plant,56569,2021,0.004029668,33.2432,-115.498
CA,Olive,6013,2021,0,34.1775,-118.3147
CA,Orange Grove Project,56914,2021,0.000650893,33.359,-117.111
CA,"Ormond Beach Power, LLC.",350,2021,0.011903796,34.1292,-119.1689
CA,"Otay Mesa Energy Center, LLC",55345,2021,0.154073806,32.5733,-116.9153
CA,Palomar Energy Center,55985,2021,0.095726833,33.1192,-117.118
CA,Panoche Energy Center,56803,2021,0.071784445,36.6513,-120.5833
CA,Pastoria Energy Facility,55656,2021,0.420557644,34.9556,-118.844
CA,Pio Pico Energy Center LLC,57555,2021,0.003528018,32.5739,-116.9178
CA,Redding Power Plant,7307,2021,0.028995208,40.5083,-122.4253
CA,Ripon Generation Station,56135,2021,0.000638597,37.7315,-121.116
CA,Riverside Energy Resource Center,56143,2021,0.005270709,33.9636,-117.4528
CA,Riverview Energy Center,55963,2021,0.001117954,38.0145,-121.7901
CA,Roseville Energy Park,56298,2021,0.00424924,38.7926,-121.3823
CA,Russell City Energy Company LLC,56467,2021,0.04855316,37.6341,-122.1326
CA,SCA Cogen II,7551,2021,0.077667454,38.5306,-121.399
CA,Sacramento Power Authority Cogen,7552,2021,0.034172442,38.511,-121.4735
CA,Salinas River Cogeneration Facility,50865,2021,0.054433669,35.9515,-120.8679
CA,Sargent Canyon Cogen Facility,50864,2021,0,35.9359,-120.8405
CA,Scattergood Generating Station,404,2021,0.16694335,33.9175,-118.4258
CA,"Sentinel Energy Center, LLC",57482,2021,0.073744429,33.9366,-116.5722
CA,Stanton Energy Reliability Center,60698,2021,0.001291485,33.807,-117.9864
CA,Sunrise Power Company,55182,2021,0.234189471,35.2097,-119.585
CA,Tracy Combined Cycle Power Plant,55933,2021,0.087834101,37.7107,-121.4906
CA,Valley Generating Station,408,2021,0.116417931,34.2481,-118.3903
CA,Walnut Creek Energy Park,57515,2021,0.016744849,34.0078,-117.9425
CA,Walnut Energy Center,56078,2021,0.128335657,37.4878,-120.8956
CA,Wolfskill Energy Center,55855,2021,0.000620711,38.2282,-122.076
CA,Woodland Generation Station,7266,2021,0.042531848,37.6528,-121.0172
CA,Yuba City Energy Center,10349,2021,0.004752052,39.1365,-121.6397
CO,Arapahoe Combustion Turbine Facility,55200,2021,0.020486229,39.6692,-105.0018
CO,Blue Spruce Energy Center,55645,2021,0.035432299,39.7436,-104.68
CO,Brush Power Projects,10682,2021,0.009247718,40.2415,-103.631
CO,Cherokee,469,2021,0.285717733,39.8078,-104.9648
CO,Comanche (470),470,2021,2.146501224,38.2081,-104.5747
CO,Craig,6021,2021,2.119610921,40.4627,-107.5912
CO,Fort St. Vrain,6112,2021,0.324977321,40.2461,-104.8742
CO,Fountain Valley Power Plant,55453,2021,0.013234556,38.5569,-104.6875
CO,Frank Knutson Station,55505,2021,0.012659444,39.9414,-104.6817
CO,Front Range Power Plant,55283,2021,0.295525927,38.6281,-104.7069
CO,Hayden,525,2021,0.705661265,40.4856,-107.185
CO,J M Shafer,50707,2021,0.050832952,40.0979,-104.7745
CO,Limon Generating Station,55504,2021,0.011075065,39.2038,-103.7005
CO,Manchief Generating Station,55127,2021,0.037736264,40.2201,-103.679
CO,Martin Drake,492,2021,0.09537751,38.8244,-104.8331
CO,Pawnee,6248,2021,0.752456142,40.2217,-103.6803
CO,Pueblo Airport Generating Station,56998,2021,0.131164065,38.322,-104.533
CO,Rawhide Energy Station,6761,2021,0.422447211,40.8611,-105.0206
CO,Ray D Nixon,8219,2021,0.252085997,38.6306,-104.7056
CO,Rocky Mountain Energy Center,55835,2021,0.248190044,40.0911,-104.5947
CO,Spindle Hill Energy Center,56445,2021,0.036216807,40.0914,-104.8819
CO,Valmont Combustion Turbine Facility,55207,2021,0.000784441,40.0197,-105.202
CT,Alfred L Pierce Generating Station,6635,2021,0.001173545,41.4485,-72.834
CT,"Algonquin Power Windsor Locks, LLC",10567,2021,0.007212357,41.9227,-72.6255
CT,Bridgeport Energy,55042,2021,0.250007877,41.1692,-73.1844
CT,Bridgeport Harbor Station,568,2021,0.6000291,41.1706,-73.1843
CT,CPV Towantic Energy Center,56047,2021,0.504211862,41.4841,-73.1229
CT,Capitol District Energy Center,50498,2021,0,41.7639,-72.6925
CT,Devon,544,2021,0.000829855,41.2083,-73.1092
CT,Kleen Energy Systems Project,56798,2021,0.036264716,41.5526,-72.597
CT,Lake Road Generating Company,55149,2021,0.473009285,41.8736,-71.8947
CT,Middletown,562,2021,0.003256498,41.5544,-72.5793
CT,Milford Power Company LLC,55126,2021,0.390161659,41.2239,-73.1
CT,Montville,546,2021,0.013067017,41.4281,-72.1019
CT,New Haven Harbor,6156,2021,0.001246099,41.2836,-72.9042
CT,"Pratt & Whitney, East Hartford",54605,2021,0.010198135,41.75,-72.6347
CT,South Meadow Station,563,2021,0.000241311,41.7495,-72.6524
CT,"Wallingford Energy, LLC",55517,2021,0.010422982,41.4486,-72.8358
CT,Waterbury Generation,56629,2021,0.001394531,41.5444,-73.0416
DC,GSA Central Heating,880004,2021,0,38.8856,-77.0244
DE,Christiana Substation,591,2021,0,39.7302,-75.5371
DE,Delaware City Refinery,52193,2021,0.050531293,39.5936,-75.6337
DE,Edge Moor,593,2021,7.33976E-05,39.7372,-75.5033
DE,Energy Center Dover LLC,10030,2021,0.008905152,39.1467,-75.5461
DE,Garrison Energy Center,57349,2021,0.038108831,39.1882,-75.4999
DE,Hay Road,7153,2021,0.015283972,39.7436,-75.5072
DE,Indian River,594,2021,0.143627247,38.5857,-75.2341
DE,McKee Run,599,2021,1.36196E-05,39.1748,-75.5455
DE,Van Sant,7318,2021,0.000844156,39.15,-75.5466
DE,Warren F. Sam Beasley Pwr Station,7962,2021,0.00302448,39.2798,-75.6246
FL,Anclote,8048,2021,0.162123375,28.1844,-82.7887
FL,Arvah B Hopkins,688,2021,0.09932022,30.4522,-84.4
FL,Bayside Power Station,7873,2021,0.756511795,27.9072,-82.4231
FL,Big Bend,645,2021,0.770718495,27.7944,-82.4036
FL,Brandy Branch,7846,2021,0.467249868,30.3206,-81.9486
FL,C D McIntosh Jr Power Plant,676,2021,0.594569015,28.0809,-81.9256
FL,Cane Island,7238,2021,0.244153,28.2764,-81.533
FL,Cape Canaveral,609,2021,0.51294945,28.4694,-80.7642
FL,Charles Larsen Memorial Power Plant,675,2021,0.004070392,28.0491,-81.9238
FL,Crystal River,628,2021,1.85961033,28.9594,-82.7003
FL,Curtis H. Stanton Energy Center,564,2021,1.210615047,28.4836,-81.1686
FL,Debary,6046,2021,0.027549486,28.9047,-81.3319
FL,Deerhaven,663,2021,0.172786512,29.7586,-82.3883
FL,Deerhaven Renewable Energy Center,57241,2021,0.222782021,29.7675,-82.3964
FL,Fort Myers,612,2021,0.789990901,26.6967,-81.7831
FL,Greenland Energy Center,56799,2021,0.069514288,30.1603,-81.5164
FL,Gulf Clean Energy Center,641,2021,0.383627259,30.5661,-87.2289
FL,Hardee Power Station,50949,2021,0.000644434,27.6364,-81.9636
FL,Hines Energy Complex,7302,2021,0.929158756,27.7886,-81.8694
FL,Indian River (683),683,2021,0.004512892,28.4933,-80.7825
FL,"Indiantown Cogeneration, LP",50976,2021,0,27.0393,-80.5144
FL,Intercession City,8049,2021,0.059464929,28.2628,-81.5486
FL,J D Kennedy,666,2021,0.043364412,30.3644,-81.6236
FL,J R Kelly,664,2021,0.026071334,29.6467,-82.3219
FL,Lansing Smith Generating Plant,643,2021,0.481243013,30.2689,-85.7003
FL,Lauderdale,613,2021,0.024575401,26.0681,-80.1983
FL,Manatee,6042,2021,0.694631315,27.6058,-82.3456
FL,Martin,6043,2021,0.666291795,27.0536,-80.5628
FL,Midulla Generating Station,7380,2021,0.378989884,27.6417,-81.9625
FL,Mulberry Cogeneration Facility,54426,2021,0.047510755,27.8489,-81.8775
FL,Northside,667,2021,0.43764983,30.4172,-81.5525
FL,Okeechobee Clean Energy Center,60345,2021,0.489972455,27.6342,-80.7911
FL,Oleander Power Project,55286,2021,0.007439941,28.3661,-80.7947
FL,Orange Cogeneration Facility,54365,2021,0.041168139,27.8708,-81.8253
FL,Orlando CoGen,54466,2021,0.099909306,28.4422,-81.4119
FL,Osceola,55192,2021,0,28.1289,-81.0978
FL,Osprey Energy Center,55412,2021,0.141170721,28.0525,-81.8083
FL,P L Bartow,634,2021,0.536684896,27.8613,-82.6012
FL,Polk,7242,2021,0.354690476,27.7286,-81.9897
FL,Port Everglades,617,2021,0.4546738,26.0856,-80.1253
FL,Reedy Creek Central Energy Plant,7254,2021,0.002944087,28.4272,-81.5803
FL,Riviera Beach Energy Center,619,2021,0.375689425,26.7653,-80.0528
FL,S O Purdom,689,2021,0.122856434,30.1619,-84.2014
FL,Sanford,620,2021,0.691551104,28.8419,-81.3256
FL,Santa Rosa Energy Center,55242,2021,0.124649805,30.5661,-87.115
FL,Seminole (136),136,2021,1.437503223,29.7333,-81.6339
FL,Shady Hills,55414,2021,0.015523068,28.3665,-82.5591
FL,Stanton A,55821,2021,0.087394129,28.4881,-81.1675
FL,Stock Island,6584,2021,0.000992059,24.5636,-81.7342
FL,Tiger Bay,7699,2021,0.047616758,27.7447,-81.85
FL,Tom G Smith,673,2021,3.03E-07,26.6125,-80.0678
FL,Treasure Coast Energy Center,56400,2021,0.181091907,27.3839,-80.3775
FL,Turkey Point,621,2021,0.318061956,25.4356,-80.3308
FL,University of Florida,7345,2021,0.041552124,29.6397,-82.3486
FL,Vandolah Power Project,55415,2021,0.080003264,27.5242,-81.9236
FL,West County Energy Center,56407,2021,1.56937618,26.6986,-80.3747
GA,AL Sandersville Energy Facility,55672,2021,0,33.1189,-82.8608
GA,Albany Green Energy LLC,60340,2021,0.178234739,31.5492,-84.1114
GA,Allen B Wilson Combustion Turbine Plant,6258,2021,0,33.138,-81.748
GA,Baconton Power,55304,2021,0.000406153,31.3869,-84.0819
GA,Bowen,703,2021,2.666091989,34.1256,-84.9192
GA,Chattahoochee Energy Facility,7917,2021,0.236729154,33.407,-85.0387
GA,Dahlberg (Jackson County),7765,2021,0.012183495,34.0386,-83.3972
GA,Doyle Energy Facility,55244,2021,0.003093103,33.8376,-83.6996
GA,Edward L Addison Generating Plant,55267,2021,0.005418378,32.911,-84.3059
GA,"Effingham County Power, LLC",55406,2021,0.080483439,32.2792,-81.2842
GA,Hartwell Energy Facility,70454,2021,0.016360112,34.3387,-82.8207
GA,Hawk Road Energy Facility,55141,2021,0.012807725,33.3577,-84.9912
GA,Jack McDonough,710,2021,1.554470463,33.8244,-84.475
GA,MPC Generating,7764,2021,0,33.8122,-83.6954
GA,McIntosh (6124),6124,2021,0.005212594,32.3558,-81.1683
GA,McIntosh Combined Cycle Facility,56150,2021,0.873014816,32.3478,-81.1828
GA,McManus,715,2021,0,31.2125,-81.5458
GA,Mid-Georgia Cogeneration,55040,2021,0.004335101,32.4853,-83.6036
GA,Robins,7348,2021,0.001226696,32.5806,-83.5831
GA,Scherer,6257,2021,1.665058037,33.0583,-83.8072
GA,Sewell Creek Energy,7813,2021,0,33.9486,-85.2769
GA,Smarr Energy Facility,7829,2021,0.001681143,32.9856,-83.8464
GA,Sowega Power Project,7768,2021,0.001056819,31.3869,-84.0814
GA,Talbot Energy Facility,7916,2021,0.005114919,32.5892,-84.6917
GA,Tenaska Georgia Generating Station,55061,2021,0.004474168,33.3516,-84.9996
GA,Thomas A. Smith Energy Facility,55382,2021,0.702564383,34.7094,-84.9182
GA,Walton Bainbridge Power Facility,56015,2021,0,30.9111,-84.5472
GA,Walton County Power,55128,2021,0.001349177,33.8147,-83.6969
GA,Wansley (6052),6052,2021,0.318854755,33.4124,-85.0345
GA,Wansley (7946),7946,2021,0.241383774,33.4082,-85.0399
GA,Wansley CC (55965),55965,2021,0.549434941,33.4063,-85.0373
GA,Washington County Power,55332,2021,0.001121855,33.0917,-82.9803
GA,Yates,728,2021,0.114771642,33.4622,-84.8986
IA,Ames,1122,2021,0.054090473,42.0247,-93.6069
IA,Burlington (IA),1104,2021,0.303757941,40.7412,-91.1168
IA,Dayton Avenue Substation,6463,2021,0,42.0269,-93.5828
IA,Earl F Wisdom,1217,2021,0.00922123,43.1606,-95.2569
IA,Electrifarm,6063,2021,0,42.4407,-92.4205
IA,Emery Station,8031,2021,0.177483081,43.094,-93.2922
IA,Exira Station,56013,2021,0.015368498,41.5131,-94.9189
IA,George Neal North,1091,2021,0.36640617,42.3251,-96.3797
IA,George Neal South,7343,2021,0.177364488,42.3022,-96.3622
IA,Greater Des Moines Energy Center,7985,2021,0.057129267,41.5563,-93.5283
IA,Lansing,1047,2021,0.1092296,43.3359,-91.1672
IA,Lime Creek,7155,2021,0.000757137,43.2481,-93.2046
IA,Louisa,6664,2021,0.878647784,41.3153,-91.0936
IA,Marshalltown CTs,1068,2021,0,42.0474,-92.8594
IA,Marshalltown Generating Station,58236,2021,0.027414126,42.04,-92.87
IA,Muscatine,1167,2021,0.33395533,41.3917,-91.0569
IA,Ottumwa,6254,2021,1.05099246,41.0961,-92.5556
IA,Pleasant Hill Energy Center,7145,2021,0.002590425,41.5572,-93.5242
IA,Prairie Creek,1073,2021,0.065036915,41.9439,-91.6386
IA,Streeter Station,1131,2021,0.003619261,42.5267,-92.4394
IA,Summit Lake,1206,2021,0,41.1141,-94.3499
IA,Sycamore Combustion Turbine,8029,2021,0,41.6722,-93.6769
IA,Walter Scott Jr. Energy Center,1082,2021,1.745269288,41.18,-95.8408
ID,Bennett Mountain Power Project,55733,2021,0.025409018,43.147,-115.6671
ID,Evander Andrews Power Complex,7953,2021,0.019072183,43.1794,-115.7328
ID,Langley Gulch Power Plant,57028,2021,0.210372573,43.9046,-116.8181
ID,Rathdrum Combustion Turbine Project,7456,2021,0.009741471,47.8034,-116.869
ID,"Rathdrum Power, LLC",55179,2021,0.186529807,47.7861,-116.9214
IL,Alsey Station,7818,2021,0.0020406,39.5697,-90.4362
IL,Archer Daniels Midland Co.,10865,2021,0,39.8675,-88.885
IL,Aurora,55279,2021,0.017853952,41.8151,-88.2265
IL,Baldwin Energy Complex,889,2021,1.837799968,38.205,-89.855
IL,"Calumet Energy Team, LLC",55296,2021,0.000926725,41.6835,-87.5563
IL,Cordova Energy Company,55188,2021,0.106390733,41.7146,-90.2802
IL,Crete Energy Park,55253,2021,0,41.4297,-87.6187
IL,Dallman,963,2021,0.346833771,39.7539,-89.6011
IL,E D Edwards,856,2021,0.670158239,40.5958,-89.6631
IL,"Elgin Energy Center, LLC",55438,2021,0.005897237,41.9997,-88.2445
IL,Elwood Energy Facility,55199,2021,0.010848742,41.4388,-88.1236
IL,Factory Gas Turbine,8016,2021,0,39.8266,-89.6368
IL,Fisk,886,2021,0,41.8508,-87.6533
IL,Freedom Power Project,7842,2021,2.95924E-06,39.1025,-88.8589
IL,"Gibson City Energy Center, LLC",55201,2021,0.002060018,40.4705,-88.3987
IL,Goose Creek Power Plant,55496,2021,0.000361295,40.1083,-88.5986
IL,"Grand Tower Energy Center, LLC",862,2021,0,37.6578,-89.5119
IL,Holland Energy Facility,55334,2021,0.074611276,39.2242,-88.7594
IL,Ingredion Incorporated Argo Plant,54556,2021,0,41.7775,-87.8233
IL,Interstate,7425,2021,0.000651221,39.8233,-89.5888
IL,Joliet 29,384,2021,0,41.4947,-88.125
IL,Joliet 9,874,2021,0.001675797,41.4947,-88.125
IL,Joppa Steam,887,2021,1.334539217,37.2103,-88.8606
IL,Kendall Energy Facility,55131,2021,0.800175285,41.4797,-88.2581
IL,Kincaid Generating Station,876,2021,0.953427325,39.5906,-89.4964
IL,Kinmundy Power Plant,55204,2021,0,38.7619,-89.0128
IL,"LSP University Park, LLC",55640,2021,0.053215249,41.4426,-87.7515
IL,"Lee County Generating Station, LLC",55236,2021,0.008789576,41.8287,-89.4054
IL,Lincoln Generating Facility,55222,2021,0,41.3937,-87.9437
IL,MEPI GT Facility,7858,2021,0,37.2175,-88.8658
IL,Marion,976,2021,0.252060259,37.6206,-88.955
IL,"Morris Cogeneration, LLC",55216,2021,0,41.4092,-88.3292
IL,Nelson Energy Center,55183,2021,0.226160492,41.7749,-89.6067
IL,Newton,6017,2021,0.944510336,38.9361,-88.2778
IL,Pinckneyville Power Plant,55202,2021,0,38.1114,-89.3467
IL,Powerton,879,2021,0.673202965,40.5408,-89.6786
IL,Prairie State Generating Station,55856,2021,2.663187055,38.2792,-89.667
IL,Raccoon Creek Power Plant,55417,2021,8.30673E-05,38.6996,-88.5392
IL,Rockford Energy Center,55238,2021,0.008889804,42.2403,-89.1025
IL,Rockford II Energy Center,55936,2021,0.003628514,42.2383,-89.1014
IL,"Rocky Road Power, LLC",55109,2021,0.000504753,42.0931,-88.2397
IL,Shelby County,55237,2021,0,39.2794,-88.4772
IL,Southeast Chicago Energy Project,55281,2021,0,41.7181,-87.5449
IL,Tate & Lyle,10867,2021,0,39.8466,-88.9261
IL,Tilton Power Station,7760,2021,0.002540611,40.1063,-87.6539
IL,University Park Energy,55250,2021,0.015524385,41.4405,-87.7528
IL,Venice,913,2021,5.39321E-06,38.6642,-90.1764
IL,Waukegan,883,2021,0.390687771,42.3833,-87.8133
IL,Will County,884,2021,0.317208689,41.6334,-88.0626
IL,Wood River Refinery,880067,2021,0,38.8375,-90.0675
IL,Zion Energy Center,55392,2021,0.031197708,42.4776,-87.895
IN,A B Brown Generating Station,6137,2021,0.753294301,37.9053,-87.715
IN,Alcoa Allowance Management Inc,6705,2021,1.354362157,37.915,-87.3328
IN,Anderson,7336,2021,0.000998836,40.0529,-85.7389
IN,C. C. Perry K Steam Plant,992,2021,0.016743252,39.7622,-86.1667
IN,Cayuga,1001,2021,0.950380578,39.9239,-87.4272
IN,Clifty Creek,983,2021,1.486541253,38.7383,-85.4192
IN,Edwardsport Generating Station,1004,2021,1.007804159,38.8067,-87.2472
IN,F B Culley Generating Station,1012,2021,0.601384821,37.91,-87.3267
IN,Georgetown Substation,7759,2021,0.008670341,39.9022,-86.2439
IN,Gibson,6113,2021,2.65431557,38.3722,-87.7661
IN,Henry County Generating Station,7763,2021,0.014392564,39.9528,-85.5039
IN,Hoosier Energy Lawrence Co Station,7948,2021,0.001245221,38.8003,-86.4511
IN,IPL - Eagle Valley Generating Station,991,2021,0.46039153,39.4851,-86.4176
IN,IPL - Harding Street Station (EW Stout),990,2021,0.054231976,39.7119,-86.1975
IN,IPL - Petersburg Generating Station,994,2021,2.617243335,38.5267,-87.2525
IN,Lawrenceburg Energy Facility,55502,2021,0.806132611,39.0913,-84.8667
IN,Merom,6213,2021,1.256091773,39.0694,-87.5108
IN,Michigan City Generating Station,997,2021,0.438624265,41.7203,-86.9097
IN,Montpelier Electric Gen Station,55229,2021,0.011403678,40.6206,-85.3057
IN,Noblesville,1007,2021,0.14519125,40.0969,-85.9714
IN,Purdue University-Wade Utility,50240,2021,0,40.4172,-86.9117
IN,R Gallagher,1008,2021,0.029361649,38.2636,-85.8381
IN,R M Schahfer Generating Station,6085,2021,1.076161127,41.2175,-87.0239
IN,Richmond (IN),7335,2021,0.000488518,39.8383,-84.9665
IN,Rockport,6166,2021,1.141608542,37.9256,-87.0372
IN,St. Joseph Energy Center LLC,57794,2021,0.520271654,41.6996,-86.4814
IN,Sugar Creek Generating Station,55364,2021,0.253143776,39.3922,-87.5103
IN,Vermillion Generating Station,55111,2021,0.012441577,39.9208,-87.445
IN,Wabash River Highland Plant,57842,2021,6.81396E-05,39.5326,-87.4262
IN,Wheatland Generating Facility LLC,55224,2021,0.010087542,38.6716,-87.2931
IN,Whitewater Valley,1040,2021,0.004239254,39.8028,-84.8953
IN,"Whiting Clean Energy, Inc.",55259,2021,0.330231217,41.6739,-87.4778
IN,Worthington Generation,55148,2021,0.006535815,39.0717,-87.0128
KS,Chanute 2,1268,2021,0.044743564,37.6953,-95.4586
KS,Cimarron River,1230,2021,0,37.1611,-100.7619
KS,Clifton Station,8037,2021,0,39.6125,-97.2778
KS,Coffeyville,1271,2021,0,37.0456,-95.6076
KS,East 12th Street,7013,2021,0,37.2376,-96.9619
KS,Emporia Energy Center,56502,2021,0.050384803,38.4464,-96.0651
KS,Fort Dodge aka Judson Large,1233,2021,0.001365444,37.7328,-99.9497
KS,Garden City,1336,2021,0.001093299,37.9703,-100.8956
KS,Gordon Evans Energy Center,1240,2021,0.018249669,37.7903,-97.5217
KS,Great Bend Station aka Arthur Mullergren,1235,2021,4.95214E-05,38.41,-98.8689
KS,Holcomb,108,2021,0.474579267,37.9306,-100.9725
KS,Hutchinson Energy Center,1248,2021,0,38.0906,-97.8747
KS,Jeffrey Energy Center,6068,2021,1.563965569,39.2825,-96.1153
KS,La Cygne,1241,2021,1.791044692,38.3472,-94.6389
KS,Lawrence Energy Center,1250,2021,0.146441794,39.0072,-95.2692
KS,McPherson 2,1305,2021,0,38.3461,-97.6761
KS,McPherson Municipal Power Plant #3,7515,2021,0.011862965,38.3864,-97.61
KS,Nearman Creek,6064,2021,0.384235387,39.1714,-94.6958
KS,Osawatomie Generating Station,7928,2021,0.003932131,38.5325,-94.9042
KS,Quindaro,1295,2021,0,39.1486,-94.6405
KS,Riverton,1239,2021,0.137624697,37.0719,-94.6986
KS,West Gardner Generating Station,7929,2021,0.004469408,38.7878,-94.985
KY,Big Sandy,1353,2021,0.098558756,38.1707,-82.6176
KY,Bluegrass Generating Station,55164,2021,0.004133275,38.3902,-85.4133
KY,Cane Run,1363,2021,0.486307825,38.1828,-85.8894
KY,D B Wilson,6823,2021,0.695763016,37.4497,-87.0803
KY,E W Brown,1355,2021,0.312300528,37.7889,-84.7139
KY,East Bend,6018,2021,0.988540989,38.9031,-84.8511
KY,Ghent,1356,2021,2.711241826,38.7497,-85.035
KY,H L Spurlock,6041,2021,2.167762366,38.7,-83.8175
KY,John S. Cooper,1384,2021,0.122925374,37,-84.5917
KY,Marshall County,55232,2021,0.002311086,37.0286,-88.3958
KY,Mill Creek,1364,2021,1.904641044,38.0531,-85.91
KY,Paddy's Run,1366,2021,0.001000334,38.2147,-85.8453
KY,Paducah Power Systems Plant 1,56556,2021,6.51422E-05,37.0339,-88.6161
KY,Paradise,1378,2021,0.685278118,37.2608,-86.9783
KY,R D Green,6639,2021,0.284124027,37.6467,-87.5006
KY,Riverside Generating Company,55198,2021,0.026738809,38.1933,-82.6042
KY,Robert Reid,1383,2021,0,37.6467,-87.5033
KY,Shawnee,1379,2021,1.713455424,37.1517,-88.775
KY,Smith Generating Facility,54,2021,0.060052319,37.8824,-84.1025
KY,Trimble County,6071,2021,1.693014175,38.5847,-85.4117
LA,Acadia Power Station,55173,2021,0.37258245,30.4284,-92.4112
LA,Arsenal Hill Power Plant,1416,2021,0.247018841,32.5181,-93.7611
LA,Bayou Cove Peaking Power Plant,55433,2021,0.02155519,30.2825,-92.5994
LA,Big Cajun 1,1464,2021,0.01984201,30.6736,-91.3525
LA,Big Cajun 2,6055,2021,0.373226201,30.7261,-91.3669
LA,Brame Energy Center,6190,2021,1.613302496,31.395,-92.7167
LA,Calcasieu Plant,55165,2021,0.009634805,30.1603,-93.3458
LA,Carville Energy Center,55404,2021,0.267833683,30.2292,-91.065
LA,Coughlin Power Station,1396,2021,0.286836796,30.8442,-92.2606
LA,Dolet Hills Power Station,51,2021,0.036173911,32.0306,-93.5692
LA,Hargis-Hebert Electric Generating Statio,56283,2021,0.007466752,30.1694,-91.9923
LA,Houma,1439,2021,0.001764619,29.5808,-90.7222
LA,LEPA Unit No. 1,58478,2021,0.024480251,29.6913,-91.193
LA,Lake Charles Power Station,60927,2021,0.327980094,30.2706,-93.2886
LA,Lieberman Power Plant,1417,2021,0.012011554,32.7047,-93.9597
LA,Little Gypsy,1402,2021,0.104319857,30.0033,-90.4611
LA,Louisiana 1,1391,2021,0.541903178,30.4903,-91.1875
LA,Nelson Industrial Steam Company,50030,2021,0,30.2861,-93.2917
LA,Ninemile Point,1403,2021,0.825504836,29.9472,-90.1458
LA,Ouachita Plant,55467,2021,0.25233688,32.7056,-92.0697
LA,Perryville Power Station,55620,2021,0.226322963,32.6914,-92.0192
LA,Plaquemine Cogen Facility,55419,2021,0.746219286,30.3215,-91.2392
LA,R S Cogen LLC,55117,2021,0.259620787,30.221,-93.2826
LA,R S Nelson,1393,2021,0.339412414,30.2861,-93.2917
LA,St. Charles Power Station,60926,2021,0.499378261,30.0051,-90.4617
LA,Sterlington,1404,2021,0.002264883,32.7047,-92.0792
LA,T J Labbe Electric Generating Station,56108,2021,0.005382095,30.2554,-92.0433
LA,Taft Cogeneration Facility,55089,2021,0.434532084,29.9861,-90.4575
LA,Teche Power Station,1400,2021,0.023064526,29.8223,-91.5427
LA,Washington Parish Energy Center,55486,2021,0.008266218,30.7914,-89.9092
LA,Waterford 1 & 2,8056,2021,0.024546422,29.9994,-90.4758
MA,Bellingham,10307,2021,0.001013855,42.0925,-71.4833
MA,Bellingham Power Generation LLC,55211,2021,0.245780747,42.1113,-71.4529
MA,Berkshire Power,55041,2021,0.096866491,42.0476,-72.6478
MA,Blackstone,1594,2021,0,42.3636,-71.1161
MA,Blackstone Power Generation LLC,55212,2021,0.225726324,42.0575,-71.5172
MA,Canal Station,1599,2021,0.009773965,41.7694,-70.5097
MA,Cleary Flood,1682,2021,0.000403446,41.8653,-71.1061
MA,Dartmouth Power,52026,2021,0.001294521,41.6728,-70.9989
MA,Deer Island Treatment,10823,2021,7.25222E-05,42.3497,-70.9601
MA,Dighton,55026,2021,0.001596657,41.8312,-71.1239
MA,Exelon West Medway II,59882,2021,0.019673415,42.1375,-71.444
MA,Fore River Energy Center,55317,2021,0.406248824,42.2417,-70.9653
MA,Kendall Green Energy LLC,1595,2021,0.190680767,42.3633,-71.0792
MA,Kneeland Station,880023,2021,0,42.35,-71.0583
MA,MASSPOWER,10726,2021,0.003319458,42.156,-72.5292
MA,MBTA South Boston Power Facility,10176,2021,0,42.3414,-71.0311
MA,MIT Central Utility Plant,54907,2021,0,42.3611,-71.0934
MA,Medway Station,1592,2021,1.87787E-05,42.1364,-71.4478
MA,"Milford Power, LLC",54805,2021,0.003755837,42.1292,-71.5122
MA,Millennium Power,55079,2021,0.03349947,42.1127,-72.0152
MA,Mystic,1588,2021,0.298273584,42.3917,-71.0667
MA,Pittsfield Generating,50002,2021,0,42.4564,-73.2181
MA,Potter,1660,2021,0.002900368,42.235,-70.9672
MA,Salem Harbor Station NGCC,60903,2021,0.121460619,42.5256,-70.8784
MA,Stony Brook Energy Center,6081,2021,0.000772536,42.1977,-72.5103
MA,"Tanner Street Generation, LLC",54586,2021,4.57983E-05,42.6308,-71.3133
MA,Waters River,1678,2021,4.58128E-05,42.5428,-70.9236
MA,West Springfield,1642,2021,0.003919309,42.0956,-72.5958
MD,AES Warrior Run,10678,2021,0.333192358,39.5944,-78.7456
MD,"American Sugar Refining, Inc.",54795,2021,0,39.2749,-76.5945
MD,Brandon Shores,602,2021,0.775084447,39.1792,-76.5383
MD,Brandywine Power Facility,54832,2021,0.057022567,38.6681,-76.8678
MD,CPV St. Charles Energy Center,56846,2021,0.313995043,38.5686,-76.8919
MD,Chalk Point,1571,2021,0.693854806,38.5444,-76.6861
MD,Cove Point LNG Terminal,59073,2021,0.245231743,38.387,-76.408
MD,Dickerson,1572,2021,0.002865661,39.2086,-77.4644
MD,Herbert A Wagner,1554,2021,0.039023585,39.1781,-76.5268
MD,Keys Energy Center,60302,2021,0.394856626,38.6955,-76.8278
MD,Luke Paper Company,50282,2021,0,39.4722,-79.0575
MD,Morgantown,1573,2021,0.53378968,38.3592,-76.9767
MD,NIH Cogeneration Facility,56668,2021,0,38.9982,-77.1026
MD,Perryman,1556,2021,0.019340038,39.4422,-76.2208
MD,Rock Springs Generating Facility,7835,2021,0.001858918,39.7183,-76.1606
MD,Vienna,1564,2021,1.5688E-05,38.4878,-75.8208
MD,Wildcat Point Generation Facility,59220,2021,0.199714137,39.7194,-76.1616
ME,Androscoggin Energy,55031,2021,0.071496718,44.5047,-70.2403
ME,Bucksport Generation LLC,50243,2021,4.17305E-06,44.5739,-68.8033
ME,Maine Independence Station,55068,2021,0.027958489,44.8236,-68.7106
ME,Rumford Power,55100,2021,0.00581993,44.5303,-70.5219
ME,Westbrook Energy Center,55294,2021,0.162894062,43.6576,-70.3772
ME,William F Wyman,1507,2021,3.61931E-05,43.75,-70.1569
MI,48th Street Peaking Station,7258,2021,0.000558349,42.7553,-86.0853
MI,Alpine Power Plant,59926,2021,0.034825109,45.0624,-84.8261
MI,Belle River,6034,2021,1.96367933,42.7748,-82.4945
MI,Cadillac Renewable Energy,54415,2021,0,44.2634,-85.4348
MI,Dan E Karn,1702,2021,0.811892078,43.6425,-83.8431
MI,Dean Peakers,55718,2021,0.008015693,42.774,-82.4818
MI,Dearborn Industrial Generation,55088,2021,0.419203566,42.3026,-83.154
MI,Delray,1728,2021,0,42.2947,-83.1019
MI,Eckert Station,1831,2021,0,42.7183,-84.5586
MI,Erickson,1832,2021,0.241453976,42.6919,-84.6572
MI,Genesee Power Station,54751,2021,0,43.0841,-83.6743
MI,Grayling Generating Station,10822,2021,0,44.6062,-84.6901
MI,Greenwood,6035,2021,0.148272229,43.1056,-82.6964
MI,Hancock Peakers,1730,2021,0.003715013,42.5497,-83.4425
MI,Holland Energy Park,59093,2021,0.091038743,42.793,-86.0925
MI,J H Campbell,1710,2021,2.209004508,42.9103,-86.2036
MI,Jackson Generating Station,55270,2021,0.191281245,42.2488,-84.3767
MI,Kalamazoo River Generating Station,55101,2021,0.001925023,42.2797,-85.4922
MI,Kalkaska CT Project #1,7984,2021,0.00461344,44.6889,-85.2019
MI,Lansing BWL REO Town Plant,58427,2021,0.078926285,42.7197,-84.5518
MI,Livingston Generating Station,55102,2021,0.00194308,45.0291,-84.7332
MI,Michigan Power Limited Partnership,54915,2021,0.134994299,43.94,-86.4247
MI,Midland Cogeneration Venture,10745,2021,0,43.5861,-84.2242
MI,Monroe,1733,2021,3.796555332,41.8917,-83.3461
MI,New Covert Generating Project,55297,2021,0.789216369,42.3231,-86.2925
MI,Renaissance Power,55402,2021,0.046539131,43.1864,-84.8429
MI,River Rouge,1740,2021,0.027949202,42.2733,-83.1131
MI,St. Clair,1743,2021,0.876146746,42.7642,-82.4719
MI,Sumpter Plant,7972,2021,0.015979536,42.167,-83.5318
MI,TES Filer City Station,50835,2021,0,44.217,-86.2906
MI,Trenton Channel,1745,2021,0.252772966,42.1236,-83.1811
MI,Wyandotte,1866,2021,0.001678015,42.2081,-83.1453
MI,Zeeland Generating Station,55087,2021,0.253522553,42.82,-85.9988
MN,Allen S King,1915,2021,0.3210334,45.03,-92.7786
MN,Black Dog,1904,2021,0.131110342,44.8108,-93.2501
MN,Blue Lake Generating Plant,8027,2021,0.001344136,44.7855,-93.4315
MN,Boswell Energy Center,1893,2021,1.468101249,47.2603,-93.6531
MN,Cambridge Station,2038,2021,0.003971134,45.601,-93.2081
MN,Cannon Falls Energy Center,56241,2021,0.014972816,44.5364,-92.9147
MN,Cascade Creek,6058,2021,0.003431581,44.0322,-92.4908
MN,Cottage Grove Cogeneration,55010,2021,0.057270391,44.7956,-92.9119
MN,Elk River,2039,2021,0.007228,45.2958,-93.5542
MN,Faribault Energy Park,56164,2021,0.053287467,44.3353,-93.2894
MN,Hibbard Energy Center,1897,2021,0.042010668,46.7356,-92.1531
MN,High Bridge,1912,2021,0.270934221,44.9331,-93.1075
MN,Hoot Lake,1943,2021,0.133058616,46.29,-96.0428
MN,Hutchinson - Plant 2,6358,2021,8.47265E-05,44.8889,-94.35
MN,Inver Hills,1913,2021,0,44.781,-93.042
MN,Lakefield Junction Generating,7925,2021,0.008478957,43.7984,-94.8415
MN,Laskin Energy Center,1891,2021,0.002194739,47.5306,-92.1619
MN,Mankato Energy Center,56104,2021,0.322480797,44.1965,-94.0099
MN,Maple Lake Station,2042,2021,0,45.229,-94.0097
MN,Minnesota River Station,7844,2021,2.59183E-05,44.795,-93.5808
MN,New Ulm,2001,2021,0,44.3159,-94.4578
MN,Northshore Mining Silver Bay Power,10849,2021,0,47.286,-91.26
MN,Pleasant Valley Station,7843,2021,0.010043264,43.7997,-92.6819
MN,Riverside (1927),1927,2021,0.073210107,45.0203,-93.2753
MN,Rock Lake Station,6741,2021,0,45.819,-92.9702
MN,Sherburne County,6090,2021,2.675845085,45.3792,-93.8958
MN,Solway Plant,7947,2021,0.005567327,47.5444,-95.1297
MN,St. Bonifacius Station,6824,2021,0,44.905,-93.821
MN,Taconite Harbor Energy Center,10075,2021,0,47.5314,-90.9111
MO,Audrain Power Plant,55234,2021,1.01287E-05,39.3092,-91.5369
MO,Chillicothe,2122,2021,0,39.784,-93.562
MO,Columbia,2123,2021,0.01239187,38.9658,-92.3175
MO,Columbia Energy Center (MO),55447,2021,0.000761467,39.0183,-92.2633
MO,Dogwood Energy Facility,55178,2021,0.12188095,38.7931,-94.3006
MO,Empire District Elec Co Energy Ctr,6223,2021,0.05642294,37.1385,-94.1041
MO,Essex Power Plant,7749,2021,0.014912314,36.8678,-89.8397
MO,Fairgrounds,2082,2021,0,38.5935,-92.2203
MO,Greenwood Energy Center,6074,2021,0,38.8615,-94.2982
MO,Hawthorn,2079,2021,0.686857025,39.1306,-94.4778
MO,Higginsville Municipal Power Plant,2131,2021,0,39.0721,-93.721
MO,Holden Power Plant,7848,2021,0.019980312,38.7538,-93.9983
MO,Iatan,6065,2021,1.797845687,39.4472,-94.98
MO,James River,2161,2021,0.025741186,37.1086,-93.2592
MO,John Twitty Energy Center,6195,2021,0.500356886,37.1519,-93.3892
MO,Labadie,2103,2021,3.935831256,38.5583,-90.8361
MO,Lake Road,2098,2021,0.004955369,39.7246,-94.8773
MO,McCartney Generating Station,7903,2021,0.002824017,37.2479,-93.1709
MO,Meramec,2104,2021,0.136450639,38.4017,-90.3358
MO,Mexico,6650,2021,0,39.1481,-91.8306
MO,Moberly,6651,2021,0,39.4244,-92.4837
MO,Moreau,6652,2021,0,38.5553,-92.102
MO,New Madrid Power Plant,2167,2021,1.335341444,36.5147,-89.5617
MO,Nodaway Power Plant,7754,2021,0.008077445,40.2877,-94.7913
MO,Northeast Generating Station,2081,2021,0,39.1231,-94.5605
MO,Peno Creek Energy Center,7964,2021,0.000366445,39.3531,-91.2295
MO,Ralph Green Station,2092,2021,0,38.7865,-94.2768
MO,Rush Island,6155,2021,1.989204862,38.1306,-90.2625
MO,Sikeston,6768,2021,0.483083031,36.8791,-89.6209
MO,Sioux,2107,2021,1.185987963,38.9158,-90.2917
MO,South Harper Peaking Facility,56151,2021,0.006728065,38.6803,-94.4824
MO,St. Francis Power Plant,7604,2021,0.080500014,36.5852,-90.1779
MO,State Line (MO),7296,2021,0.213256026,37.0659,-94.614
MO,Thomas Hill Energy Center,2168,2021,2.157470617,39.5531,-92.6392
MS,Ackerman Combined Cycle Plant,55694,2021,0.322088751,33.3806,-89.2039
MS,Attala Generating Plant,55220,2021,0.255471719,33.0142,-89.6758
MS,Batesville Generation Facility,55063,2021,0.214151531,34.3345,-89.9272
MS,Baxter Wilson,2050,2021,0.044678939,32.2831,-90.9306
MS,Caledonia,55197,2021,0.323436272,33.6464,-88.2717
MS,Chevron Cogenerating Station,2047,2021,0.101273685,30.34,-88.492
MS,Choctaw County Gen,55706,2021,0.450015375,33.2881,-89.4201
MS,Crossroads Energy Center (CPU),55395,2021,0.022467115,34.183,-90.5621
MS,Daniel Electric Generating Plant,6073,2021,1.722999129,30.5335,-88.5574
MS,David M Ratcliffe,57037,2021,0.436241539,32.6538,-88.7574
MS,Gerald Andrus,8054,2021,0.043171584,33.3503,-91.1181
MS,Hinds Energy Facility,55218,2021,0.290500008,32.3781,-90.2169
MS,Kemper County,7960,2021,0.017324385,32.7976,-88.6057
MS,Magnolia Combined Cycle Plant,55451,2021,0.487387384,34.8358,-89.2017
MS,Moselle Generation Complex,2070,2021,0.189656836,31.5289,-89.2992
MS,Red Hills Generation Facility,55076,2021,0.89213818,33.3761,-89.2183
MS,Silver Creek Generating Plant,7988,2021,0.017693881,31.6004,-89.9468
MS,Southaven Combined Cycle Plant,55269,2021,0.423142438,34.9939,-90.039
MS,Sweatt Electric Generating Plant,2048,2021,0,32.2925,-88.7461
MS,Sylvarena Generating Plant,7989,2021,0.018513892,31.9842,-89.4131
MS,Watson Electric Generating Plant,2049,2021,0.146176395,30.4408,-89.0265
MT,Colstrip,6076,2021,2.828957258,45.8831,-106.614
MT,Culbertson Station,56606,2021,0,48.2104,-104.3919
MT,Dave Gates Generating Station,56908,2021,0.031875,46.1066,-112.8755
MT,Glendive Generating Station,2176,2021,0.001102737,47.0539,-104.74
MT,Hardin Generating Station,55749,2021,0.109074968,45.7578,-107.6
MT,Lewis & Clark,6089,2021,0.087422974,47.6788,-104.1569
NC,Asheville,2706,2021,0.401576911,35.4714,-82.5431
NC,Belews Creek,8042,2021,1.975368294,36.2811,-80.0603
NC,Blewett,2707,2021,0,34.9815,-79.8771
NC,Buck,2720,2021,0.428154275,35.7133,-80.3767
NC,Butler-Warner Generation Plant,1016,2021,0,35.0986,-78.8294
NC,CPI USA North Carolina Roxboro,10379,2021,0,36.435,-78.9619
NC,CPI USA North Carolina Southport,10378,2021,0,33.9444,-78.0125
NC,Cleveland County Generating Facility,57029,2021,0.021973545,35.1706,-81.4161
NC,Cliffside,2721,2021,0.926501072,35.22,-81.7594
NC,Craven County Wood Energy,10525,2021,0.092688715,35.1285,-77.17
NC,Dan River,2723,2021,0.410969296,36.4862,-79.7208
NC,G G Allen,2718,2021,0,35.1897,-81.0122
NC,H F Lee Steam Electric Plant,2709,2021,0.422551304,35.3775,-78.0875
NC,Kings Mountain Energy Center,59325,2021,0.22330182,35.1986,-81.3604
NC,L V Sutton,2713,2021,0.43581683,34.2824,-77.9864
NC,Lincoln Combustion Turbine,7277,2021,0.040158387,35.4317,-81.0347
NC,Marshall,2727,2021,1.343219004,35.5975,-80.9658
NC,Mayo,6250,2021,0.590209786,36.5278,-78.8917
NC,NC Renewable Power - Lumberton LLC,10382,2021,0,34.59,-78.9968
NC,NCEMC Anson Plant,56249,2021,0.01140227,34.9708,-79.9208
NC,NCEMC Hamlet Plant,56292,2021,0.004838862,34.8422,-79.7367
NC,Plant Rowan County,7826,2021,0.348380382,35.7325,-80.6019
NC,Richmond County Plant,7805,2021,0.872110678,34.8422,-79.7444
NC,Rockingham County Combustion Turbine,55116,2021,0.039727189,36.3297,-79.8297
NC,Rosemary Power Station,50555,2021,0.004653253,36.4525,-77.6594
NC,Roxboro,2712,2021,1.600007128,36.4833,-79.0731
NC,W H Weatherspoon,2716,2021,0.000621331,34.5889,-78.975
ND,Antelope Valley,6469,2021,1.583674482,47.3714,-101.8344
ND,Coal Creek,6030,2021,2.373117412,47.3761,-101.1567
ND,Coyote,8222,2021,0.697832941,47.2217,-101.8139
ND,Leland Olds,2817,2021,0.955301719,47.2819,-101.3194
ND,Lonesome Creek Station,57943,2021,0.087847344,47.7966,-103.5783
ND,Milton R Young,2823,2021,1.242705207,47.0664,-101.2139
ND,Pioneer Generating Station,57881,2021,0.041400006,48.2325,-103.9528
ND,R M Heskett,2790,2021,0.144349076,46.8669,-100.8839
ND,Spiritwood Station,56786,2021,0.078684963,46.925,-98.5
NE,Beatrice,8000,2021,0.061046065,40.3286,-96.8067
NE,C W Burdick,2241,2021,0.002227257,40.9228,-98.3269
NE,Canaday,2226,2021,0.002294724,40.6941,-99.7005
NE,Cass County Station,55972,2021,0.031655625,40.9472,-95.9667
NE,Gerald Gentleman Station,6077,2021,1.482679623,41.0808,-101.1408
NE,Gerald Whelan Energy Center,60,2021,0.323710094,40.5806,-98.3106
NE,Hallam Peaking,2265,2021,0,40.5587,-96.7862
NE,Hebron Peaking,2266,2021,0,40.1879,-97.5779
NE,J Street,2250,2021,0,40.8078,-96.7107
NE,Jones Street,2290,2021,0,41.2517,-95.9235
NE,Lon D Wright Power Plant,2240,2021,0.117653552,41.4275,-96.4619
NE,McCook Peaking,2271,2021,0,40.2209,-100.6511
NE,Nebraska City Station,6096,2021,1.499122172,40.6215,-95.7765
NE,North Omaha Station,2291,2021,0.345286892,41.3297,-95.9458
NE,Platte,59,2021,0.133253819,40.8538,-98.3481
NE,Rokeby,6373,2021,0.008872637,40.7316,-96.7364
NE,Sarpy County Station,2292,2021,0.010519049,41.1706,-95.9692
NE,Sheldon,2277,2021,0.182439723,40.5589,-96.7842
NE,Terry Bundy Generating Station,7887,2021,0.022414546,40.9108,-96.6147
NH,Burgess BioPower,58054,2021,0.215744617,44.4719,-71.1753
NH,Granite Ridge Energy,55170,2021,0.229611961,42.9043,-71.4251
NH,Merrimack,2364,2021,0.212567901,43.1411,-71.4692
NH,Newington,8002,2021,0.008395591,43.0974,-70.7834
NH,Newington Energy,55661,2021,0.058680821,43.1047,-70.8044
NH,Schiller,2367,2021,0,43.0978,-70.7842
NJ,Bayonne Energy Center,56964,2021,0.048189118,40.6529,-74.0916
NJ,Bergen Generating Station,2398,2021,0.173428497,40.8375,-74.0244
NJ,Burlington Generating Station,2399,2021,0.000421131,40.0753,-74.8781
NJ,"Camden Plant Holding, LLC",10751,2021,0.001634658,39.9175,-75.1192
NJ,Carlls Corner Energy Center,2379,2021,0.000304451,39.4547,-75.2011
NJ,Carneys Point,10566,2021,0.216777195,39.6928,-75.4867
NJ,Clayville,58235,2021,0.001956012,39.4245,-75.0201
NJ,Cumberland Energy Center,5083,2021,0.005039275,39.3757,-74.9654
NJ,"E F Kenilworth, Inc.",10805,2021,0,40.6781,-74.2744
NJ,"EFS Parlin Holdings, LLC",50799,2021,0,40.4586,-74.3327
NJ,Eagle Point Power Generation,50561,2021,0.002167323,39.8746,-75.1592
NJ,Elmwood Park Power - LLC,50852,2021,0,40.9056,-74.1308
NJ,Essex,2401,2021,0.000197664,40.7375,-74.1211
NJ,Forked River Power,7138,2021,0,39.8154,-74.2098
NJ,Gilbert Generating Station,2393,2021,0.000710622,40.5661,-75.165
NJ,Howard M Down,2434,2021,0.002038816,39.4889,-75.0347
NJ,Kearny Generating Station,2404,2021,0.025162289,40.7375,-74.1
NJ,Lakewood,54640,2021,0.002193923,40.0613,-74.1686
NJ,Linden Cogeneration Facility,50006,2021,0.733684475,40.6322,-74.2156
NJ,Linden Generating Station,2406,2021,0.220989665,40.6225,-74.2097
NJ,Logan Generating Plant,10043,2021,0.161528242,39.7914,-75.4081
NJ,Mickleton Energy Center,8008,2021,0,39.8139,-75.2508
NJ,Newark Bay Cogen,50385,2021,0.002442995,40.7197,-74.13
NJ,Newark Energy Center,58079,2021,0.346391554,40.7082,-74.1284
NJ,North Jersey Energy Associates,10308,2021,0.008182787,40.439,-74.3444
NJ,Ocean Peaking Power,55938,2021,0.001863237,40.0606,-74.1672
NJ,Pedricktown Cogeneration Plant,10099,2021,0.001547883,39.7661,-75.4242
NJ,"Red Oak Power, LLC",55239,2021,0.020995698,40.4481,-74.3497
NJ,Salem Generating Station,2410,2021,0,39.4625,-75.5333
NJ,Sayreville,2390,2021,0,40.4753,-74.3552
NJ,Sewaren Generating Station,2411,2021,0.300105667,40.5564,-74.2461
NJ,Sherman Avenue,7288,2021,0,39.451,-75.0578
NJ,West Deptford Energy Station,56963,2021,0.008884033,39.8418,-75.2214
NJ,West Station,6776,2021,4.30006E-05,39.4903,-75.0486
NJ,Woodbridge Energy Center,57839,2021,0.155169747,40.515,-74.3192
NM,Afton Generating Station,55210,2021,0.041115268,32.1134,-106.848
NM,Bluffview Power Plant,55977,2021,0.048176026,36.7164,-108.2153
NM,Cunningham,2454,2021,0.112777735,32.7131,-103.3533
NM,Four Corners Steam Elec Station,2442,2021,1.715949401,36.69,-108.4814
NM,Hobbs Generating Station,56458,2021,0.423235462,32.7282,-103.3095
NM,La Luz Energy Center,58284,2021,0.001666987,34.6178,-106.817
NM,Lordsburg Generating Station,7967,2021,0.001416284,32.3494,-108.6975
NM,Luna Energy Facility,55343,2021,0.282849568,32.2983,-107.78
NM,Maddox,2446,2021,0.04722362,32.7131,-103.31
NM,Pyramid Generating Station,7975,2021,0.007402424,32.2363,-108.5494
NM,Reeves Generating Station,2450,2021,0.004283647,35.1716,-106.6019
NM,Rio Bravo Generating Station,55039,2021,0.006151733,35.026,-106.644
NM,Rio Grande,2444,2021,0.093597933,31.8047,-106.5472
NM,San Juan,2451,2021,1.391000636,36.8006,-108.4386
NM,Valencia Power Plant,55802,2021,0.005817568,34.6063,-106.732
NV,Apex Generating Station,55514,2021,0.300800309,36.4178,-114.9622
NV,Chuck Lenzie Generating Station,55322,2021,0.659058361,36.3853,-114.9228
NV,Clark,2322,2021,0.015072721,36.0875,-115.0507
NV,Desert Star Energy Center,55077,2021,0.061610485,35.7867,-114.9928
NV,Fort Churchill,2330,2021,0.046836897,39.1281,-119.1319
NV,Harry Allen,7082,2021,0.29326092,36.425,-114.9
NV,Las Vegas Generating Station,10761,2021,0.01055064,36.2317,-115.1235
NV,North Valmy,8224,2021,0.035076186,40.8831,-117.1542
NV,Silverhawk,55841,2021,0.082369721,36.4078,-114.9603
NV,Sun Peak Generating Station,54854,2021,0.00056482,36.1392,-115.034
NV,TS Power Plant,56224,2021,0.30618948,40.7458,-116.5297
NV,Tracy,2336,2021,0.417081268,39.5625,-119.525
NV,Walter M. Higgins III Generating Station,55687,2021,0.258296203,35.6139,-115.3561
NY,23rd and 3rd,7910,2021,0.00275788,40.663,-74
NY,59th Street,2503,2021,0,40.7711,-73.9911
NY,74th Street,2504,2021,0.088209204,40.768,-73.9515
NY,AG - Energy,10803,2021,0,44.7258,-75.4417
NY,Allegany Station No. 133,10619,2021,0.002446883,42.5083,-78.0661
NY,Arthur Kill,2490,2021,0.07812571,40.5915,-74.2027
NY,Astoria Energy,55375,2021,0.376892123,40.7825,-73.8964
NY,Astoria Gas Turbine Power,55243,2021,0.003138497,40.7864,-73.9133
NY,Astoria Generating Station,8906,2021,0.103519984,40.7869,-73.9122
NY,Athens Generating Company,55405,2021,0.011561792,42.2728,-73.8492
NY,Batavia Energy,54593,2021,0,42.9828,-78.1592
NY,Bayswater Peaking Facility,55699,2021,0.018488605,40.6106,-73.7614
NY,"Beaver Falls, LLC",10617,2021,0,43.8861,-75.4342
NY,Bethlehem Energy Center (Albany),2539,2021,0.367590943,42.5905,-73.7636
NY,Bethpage Energy Center,50292,2021,0.125801181,40.7469,-73.4994
NY,"Black River Generation, LLC",10464,2021,0.13435192,44.0361,-75.7712
NY,Bowline Generating Station,2625,2021,0.135911679,41.2044,-73.9689
NY,Brentwood,7912,2021,0.007378386,40.787,-73.2933
NY,Brooklyn Navy Yard Cogeneration,54914,2021,0.292455347,40.6994,-73.9758
NY,Caithness Long Island Energy Center,56234,2021,0.250309716,40.8142,-72.9403
NY,Carr Street Generating Station,50978,2021,0.012265076,43.0611,-76.0819
NY,Carthage Energy,10620,2021,0.000149085,43.9842,-75.6225
NY,"Castleton Power, LLC",10190,2021,0.027604176,42.5375,-73.7433
NY,"Cayuga Operating Company, LLC",2535,2021,0,42.6028,-76.6336
NY,Covanta Niagara,50472,2021,0.001613338,43.0839,-79.0056
NY,Cricket Valley Energy Center,57185,2021,0.155528446,41.6762,-73.5806
NY,Danskammer Generating Station,2480,2021,0.000724793,41.573,-73.9646
NY,E F Barrett,2511,2021,0.206991858,40.6169,-73.6486
NY,East Hampton Facility,2512,2021,0.000594137,40.9619,-72.2095
NY,East River,2493,2021,0.585043198,40.7281,-73.9742
NY,Edgewood Energy,55786,2021,0.00871727,40.7861,-73.2931
NY,"Empire Generating Co, LLC",56259,2021,0.35656026,42.6296,-73.749
NY,Equus  Power I,56032,2021,0.010563203,40.6447,-73.5683
NY,Fortistar North Tonawanda Inc,54131,2021,9.35471E-05,43.0483,-78.8539
NY,Freeport Power Plant No. 2,2679,2021,0.005148003,40.6447,-73.5683
NY,Glenwood,2514,2021,0.000359699,40.8269,-73.6479
NY,Glenwood Landing Energy Center,7869,2021,0.013745168,40.8275,-73.6478
NY,Gowanus Generating Station,2494,2021,0.001261441,40.6635,-74.0051
NY,Greenidge Generation LLC,2527,2021,0.045947922,42.6789,-76.9483
NY,Harlem River Yard,7914,2021,0.002960008,40.7989,-73.9147
NY,"Hawkeye Energy Greenport, LLC",55969,2021,0.000274938,41.1056,-72.3767
NY,Hell Gate,7913,2021,0.002998851,40.7988,-73.9093
NY,Hillburn,2628,2021,4.7297E-05,41.1269,-74.1653
NY,Holtsville Facility,8007,2021,0.009477725,40.8153,-73.0664
NY,Hudson Avenue,2496,2021,6.98532E-05,40.7052,-73.9807
NY,Indeck-Corinth Energy Center,50458,2021,0.059747249,43.25,-73.8125
NY,Indeck-Olean Energy Center,54076,2021,0.003517134,42.0875,-78.4578
NY,Indeck-Oswego Energy Center,50450,2021,0.001363454,43.4682,-76.4965
NY,Indeck-Silver Springs Energy Center,50449,2021,0.0071268,42.6544,-78.0772
NY,Indeck-Yerkes Energy Center,50451,2021,0.000717651,42.9671,-78.9182
NY,Independence,54547,2021,0.330684967,43.495,-76.4508
NY,KIAC Cogeneration,54114,2021,0.072619052,40.6417,-73.7778
NY,Lockport,54041,2021,0.01122759,43.1622,-78.7453
NY,Massena Energy Facility,54592,2021,0.000251824,44.9503,-74.8928
NY,Nassau Energy Corporation,52056,2021,0.047437545,40.7259,-73.5885
NY,Nissequogue Energy Center,54149,2021,0.052586468,40.9168,-73.1292
NY,North 1st,7915,2021,0.001392664,40.7168,-73.9665
NY,Northport,2516,2021,0.717106498,40.9231,-73.3417
NY,Oswego Harbor Power,2594,2021,0.013945255,43.46,-76.53
NY,Pinelawn Power,56188,2021,0.000550254,40.7358,-73.3881
NY,Poletti 500 MW CC,56196,2021,0.220024214,40.7881,-73.9056
NY,Port Jefferson Energy Center,2517,2021,0.04722706,40.9503,-73.0786
NY,Pouch Terminal,8053,2021,0.002274656,40.6188,-74.069
NY,"RED-Rochester, LLC-Eastman Business Park",10025,2021,0,43.1969,-77.6289
NY,Ravenswood Generating Station,2500,2021,0.180795963,40.7585,-73.9451
NY,Ravenswood Steam Plant,880100,2021,0,40.76,-73.75
NY,Rensselaer Cogen,54034,2021,0.005227428,42.63,-73.75
NY,Richard M Flynn (Holtsville),7314,2021,0.040983386,40.8153,-73.0644
NY,Roseton Generating LLC,8006,2021,0.017617075,41.5711,-73.9739
NY,S A Carlson,2682,2021,0.010543644,42.0917,-79.2417
NY,"Saranac Power Partners, LP",54574,2021,0.013016304,44.7132,-73.4557
NY,Selkirk Cogen Partners,10725,2021,0.004031123,42.5744,-73.8592
NY,Shoemaker,2632,2021,5.86223E-06,41.4278,-74.4186
NY,Shoreham Energy,55787,2021,0.003231303,40.9572,-72.8664
NY,Somerset Operating Company  (Kintigh),6082,2021,0,43.3561,-78.6039
NY,Sterling Power Plant,50744,2021,0,43.0803,-75.6003
NY,"Syracuse, LLC",10621,2021,0.000446044,43.0667,-76.2246
NY,Ticonderoga Mill,54099,2021,0,43.8914,-73.3961
NY,Valley Energy Center,56940,2021,0.504319569,41.413,-74.435
NY,Vernon Boulevard,7909,2021,0.00308121,40.7539,-73.9506
NY,Wading River Facility,7146,2021,0.004547492,40.9569,-72.8774
NY,West Babylon Facility,2521,2021,0,40.6953,-73.3497
OH,AMP-Ohio Gas Turbines Bowling Green,55262,2021,0,41.3989,-83.6411
OH,AMP-Ohio Gas Turbines Galion,55263,2021,0,40.7167,-82.789
OH,AMP-Ohio Gas Turbines Napoleon,55264,2021,0,41.4077,-84.1092
OH,Avon Lake Power Plant,2836,2021,0.192397837,41.5042,-82.05
OH,Bay Shore,2878,2021,0.290696993,41.6925,-83.4375
OH,Cardinal,2828,2021,2.848002073,40.2522,-80.6486
OH,Carroll County Energy,59773,2021,0.441792673,40.6048,-81.0592
OH,"Clean Energy Future - Lordstown, LLC",60376,2021,0.655376494,41.1489,-80.8516
OH,Darby Electric Generating Station,55247,2021,0.002081899,39.7139,-83.1778
OH,Dresden Energy Facility,55350,2021,0.436240047,40.0935,-82.0267
OH,"Dynegy Dicks Creek, LLC",2831,2021,0,39.465,-84.3775
OH,"Dynegy Hanging Rock II, LLC",55736,2021,0.967645574,38.5731,-82.7833
OH,"Dynegy Washington II, LLC",55397,2021,0.489851959,39.5798,-81.6571
OH,Eastlake,2837,2021,0,41.6713,-81.4432
OH,Frank M Tait Station,2847,2021,0.01701997,39.7281,-84.2103
OH,Fremont Energy Center,55701,2021,0.393855424,41.3781,-83.1647
OH,Gen J M Gavin,8102,2021,4.527439186,38.9347,-82.1158
OH,Greenville Electric Gen Station,55228,2021,0.064928228,40.0747,-84.6147
OH,Hamilton Municipal Power Plant,2917,2021,0,39.4099,-84.5544
OH,Kyger Creek,2876,2021,1.460714577,38.9161,-82.1281
OH,Madison Generating Station,55110,2021,0.019430148,39.4522,-84.465
OH,Miami Fort Power Station,2832,2021,1.804238541,39.1131,-84.8031
OH,Middletown Energy Center,59326,2021,0.299666375,39.4679,-84.3531
OH,Niles,2861,2021,0,41.1667,-80.75
OH,O H Hutchings,2848,2021,0,39.6094,-84.2931
OH,Omega JV2 Bowling Green,7783,2021,0,41.3883,-83.6406
OH,Omega JV2 Hamilton,7782,2021,0,39.3528,-84.5183
OH,Oregon Clean Energy Center,59764,2021,0.626779876,41.6679,-83.4437
OH,Richland Peaking Station,2880,2021,0.01469983,41.3033,-84.3386
OH,Robert P Mone,7872,2021,0.005976716,40.9297,-84.7392
OH,Rolling Hills Generating LLC,55401,2021,0.005928698,39.0839,-82.3328
OH,Tait Electric Generating Station,55248,2021,0.052958557,39.7286,-84.2106
OH,"Troy Energy, LLC",55348,2021,0.031066324,41.4774,-83.4616
OH,W H Sammis,2866,2021,1.430208825,40.5308,-80.6311
OH,W H Zimmer Generating Station,6019,2021,0.196572852,38.8689,-84.2286
OH,Waterford Plant,55503,2021,0.627708938,39.5314,-81.7172
OH,West Lorain,2869,2021,0.016706033,41.4297,-82.2633
OH,Woodsdale,7158,2021,0.00550701,39.4492,-84.4611
OK,Anadarko,3006,2021,0.047786611,35.0847,-98.23
OK,Charles D Lamb Energy Center,58325,2021,0.009304646,36.8138,-97.1252
OK,Chouteau Power Plant,7757,2021,0.471721364,36.2206,-95.2756
OK,Comanche (8059),8059,2021,0.039602384,34.5431,-98.3244
OK,Frontier Generating Station,50558,2021,0.033649477,35.442,-97.6477
OK,Grand River Dam Authority,165,2021,0.418260328,36.1906,-95.2889
OK,"Green Country Energy, LLC",55146,2021,0.3149451,35.9833,-95.9346
OK,Horseshoe Lake,2951,2021,0.012177777,35.5089,-97.1789
OK,Hugo,6772,2021,0.320719078,34.0158,-95.3206
OK,McClain Energy Facility,55457,2021,0.235700362,35.2979,-97.5896
OK,Mooreland,3008,2021,0.010877987,36.4375,-99.2208
OK,Muskogee,2952,2021,0.660867192,35.7617,-95.2847
OK,Mustang,2953,2021,0.121734488,35.4711,-97.6733
OK,Northeastern,2963,2021,0.775915966,36.4317,-95.7008
OK,Oneta Energy Center,55225,2021,0.343884071,36.0119,-95.6967
OK,Ponca,762,2021,0.000788289,36.7205,-97.0868
OK,Redbud Power Plant,55463,2021,0.459740787,35.6853,-97.2242
OK,River Valley,10671,2021,0.130142524,35.1931,-94.6458
OK,Riverside (4940),4940,2021,0.01388844,35.9978,-95.9567
OK,Seminole (2956),2956,2021,0.125663149,34.9678,-96.7242
OK,Sooner,6095,2021,0.809735909,36.4537,-97.0527
OK,Southwestern,2964,2021,0.082178545,35.1009,-98.3524
OK,Spring Creek Power Plant,55651,2021,0.004230593,35.7422,-97.655
OK,Tenaska Kiamichi Generating Station,55501,2021,0.467916614,34.6831,-95.9349
OK,Tulsa,2965,2021,0.039944889,36.1125,-95.9917
OR,Boardman,6106,2021,0,45.6933,-119.8056
OR,Carty Generating Station,58503,2021,0.328761236,45.699,-119.8131
OR,Coyote Springs,7350,2021,0.306415867,45.8486,-119.6744
OR,Hermiston,54761,2021,0.233323843,45.8042,-119.37
OR,Hermiston Power Plant,55328,2021,0.438545843,45.7934,-119.313
OR,Klamath Cogeneration Project,55103,2021,0.322162594,42.174,-121.8112
OR,Klamath Generation Peakers,55544,2021,0.00290707,42.1727,-121.8144
OR,Port Westward,56227,2021,0.304460418,46.1792,-123.1717
PA,AdvanSix Resins & Chemicals LLC,880007,2021,0,40.0067,-75.0686
PA,"Armstrong Power, LLC",55347,2021,0.054592796,40.6383,-79.3503
PA,Bethlehem Power Plant,55690,2021,0.169496313,40.6175,-75.3147
PA,Birdsboro Power,61035,2021,0.301661637,40.2683,-75.8
PA,Bruce Mansfield,6094,2021,0,40.6344,-80.42
PA,"Brunner Island, LLC",3140,2021,0.776374285,40.097,-76.6962
PA,Brunot Island Power Station,3096,2021,0.002084718,40.4638,-80.044
PA,"CPV Fairview, LLC",60589,2021,0.599766925,40.4125,-78.8561
PA,Chambersburg Units 12 & 13,55654,2021,0.00666857,39.8668,-77.6859
PA,Cheswick,8226,2021,0.298580039,40.5383,-79.7906
PA,Colver Green Energy,10143,2021,0.213858423,40.55,-78.8
PA,Conemaugh,3118,2021,2.730632184,40.3842,-79.0611
PA,Croydon Generating Station,8012,2021,0,40.08,-74.8917
PA,"Dynegy Fayette II, LLC",55516,2021,0.476913011,39.8592,-79.9182
PA,Ebensburg Power Company,10603,2021,0.139025942,40.455,-78.7472
PA,Eddystone Generating Station,3161,2021,0,39.858,-75.323
PA,Fairless Energy Center,55298,2021,0.639508344,40.1464,-74.7406
PA,Gans Generating Facility,55377,2021,0.007191532,39.7475,-79.8388
PA,Gilberton Power Company,10113,2021,0.220960113,40.79,-76.1984
PA,Grays Ferry Cogen Partnership,54785,2021,0.166258901,39.9417,-75.1883
PA,Hamilton Liberty Generation Plant,58420,2021,0.629450947,41.7674,-76.3899
PA,Hamilton Patriot Generation Plant,58426,2021,0.618122185,41.8083,-76.8392
PA,Handsome Lake Energy,55233,2021,0.011215347,41.2908,-79.8061
PA,Hazleton Generation,10870,2021,0.016320267,40.9282,-76.0416
PA,Helix Ironwood LLC,55337,2021,0.405377163,40.3509,-76.3658
PA,Hickory Run Energy Station,61028,2021,0.613095329,40.9951,-80.4301
PA,Homer City,3122,2021,1.589219732,40.511,-79.1968
PA,Hunlock Creek Energy Center,3176,2021,0.015937308,41.2033,-76.0683
PA,Hunlock Unit 4,56397,2021,0.00403755,41.2033,-76.0683
PA,Hunterstown Combined Cycle,55976,2021,0.556910052,39.8725,-77.1672
PA,Keystone,3136,2021,2.422076982,40.6604,-79.3411
PA,Lackawanna Energy Center,60357,2021,1.084263917,41.4711,-75.5436
PA,Liberty Electric Power Plant,55231,2021,0.415362083,39.8622,-75.3361
PA,"Lower Mount Bethel Energy, LLC",55667,2021,0.371691555,40.8011,-75.105
PA,"Marcus Hook Energy, LP",55801,2021,0.381348632,39.8083,-75.4225
PA,"Martins Creek, LLC",3148,2021,9.64628E-05,40.796,-75.107
PA,Merck & Company - West Point,52149,2021,0,40.2128,-75.3022
PA,"Montour, LLC",3149,2021,0.204899459,41.0714,-76.6672
PA,Mountain,3111,2021,0,40.1219,-77.1761
PA,Moxie Freedom Generation Plant,59906,2021,0.740665717,41.1117,-76.16
PA,Mt. Carmel Cogeneration,10343,2021,0,40.8092,-76.4539
PA,New Castle,3138,2021,0.018344069,40.9378,-80.3681
PA,Northampton Generating Plant,50888,2021,0.033662886,40.6917,-75.4792
PA,Ontelaunee Energy Center,55193,2021,0.428822088,40.4219,-75.9353
PA,PEI Power Corporation,50279,2021,0,41.4844,-75.5403
PA,Panda Hummel Station,60368,2021,0.64290527,40.839,-76.8255
PA,Panther Creek Energy Facility,50776,2021,0,40.8556,-75.8781
PA,Philadelphia Refinery,52106,2021,0,39.9058,-75.2122
PA,Pixelle Specialty Solutions,50397,2021,0,39.8717,-76.8664
PA,Portland,3113,2021,0.000404841,40.91,-75.0789
PA,Richmond,3168,2021,0,39.9853,-75.0733
PA,SPMT Marcus Hook Industrial Complex,880107,2021,0,39.8076,-75.4239
PA,Scrubgrass Generating Plant,50974,2021,0.105122645,41.2678,-79.8114
PA,Seward,3130,2021,0.804942951,40.4081,-79.0339
PA,Shawville,3131,2021,0.056344245,41.067,-78.3656
PA,Springdale Generating Station (55196),55196,2021,0.010966874,40.5447,-79.7678
PA,Springdale Generating Station (55710),55710,2021,0.393409697,40.5456,-79.7669
PA,St. Nicholas Cogeneration Project,54634,2021,0.297330212,40.8222,-76.1736
PA,Tenaska Westmoreland Generating Station,60464,2021,0.721414468,40.1764,-79.6934
PA,Tolna,3116,2021,0,39.7636,-76.6345
PA,Trainer Refinery,880025,2021,0,39.8228,-75.4033
PA,US Steel (Edgar Thomson),50732,2021,0,40.3925,-79.8564
PA,Veolia Energy Philadelphia - Edison Sta,880006,2021,0,39.949,-75.1557
PA,Veolia Energy Philadelphia - Schuylkill,50607,2021,0,39.9422,-75.1875
PA,"WPS Westwood Generation, LLC",50611,2021,0.071220915,40.6191,-76.45
PA,Warren,3132,2021,0,41.8358,-79.19
PA,York Energy Center,55524,2021,0.740324059,39.738,-76.3072
RI,Manchester Street Station,3236,2021,0.045604122,41.8167,-71.4042
RI,Ocean State Power,51030,2021,0.033346873,42.0099,-71.6701
RI,Ocean State Power II,54324,2021,0.019704075,42.0099,-71.6701
RI,"Pawtucket Power Associates, LP",54056,2021,0.002199663,41.861,-71.407
RI,Rhode Island State Energy Center,55107,2021,0.344818638,41.8017,-71.5186
RI,"Tiverton Power, LLC",55048,2021,0.080544076,41.6417,-71.17
SC,Broad River Energy Center,55166,2021,0.011160897,35.0786,-81.575
SC,Cherokee County Cogen,55043,2021,0.01779686,35.0727,-81.613
SC,Columbia Energy Center (SC),55386,2021,0.333001411,33.8692,-81.0183
SC,Cope Station,7210,2021,0.256527608,33.3642,-81.03
SC,Cross,130,2021,1.799772327,33.3692,-80.1119
SC,Darlington County,3250,2021,0.000845597,34.4185,-80.1657
SC,Hagood,3285,2021,0.001515906,32.8265,-79.9634
SC,Hilton Head Gas Turbine Site,3318,2021,0,32.2089,-80.6994
SC,Jasper County Generating Facility,55927,2021,0.40156942,32.3592,-81.1236
SC,John S. Rainey Generating Station,7834,2021,0.423393979,34.3477,-82.776
SC,McMeekin,3287,2021,0.044070594,34.0533,-81.2178
SC,Mill Creek Combustion Turbine Station,7981,2021,0.006778854,35.1597,-81.4306
SC,Myrtle Beach Gas Turbine Site,3320,2021,0,33.7089,-78.9233
SC,Urquhart,3295,2021,0.1162904,33.435,-81.9111
SC,W S Lee,3264,2021,0.491232341,34.6022,-82.435
SC,Wateree,3297,2021,0.35842381,33.8264,-80.6218
SC,Williams,3298,2021,0.774247847,33.0163,-79.9285
SC,Winyah,6249,2021,1.013294262,33.3303,-79.3611
SD,Aberdeen Generating Station,3338,2021,0.004318836,45.4287,-98.4932
SD,Angus Anson,7237,2021,0.014052909,43.6033,-96.6369
SD,Big Stone,6098,2021,0.632694075,45.3047,-96.5103
SD,Deer Creek Station,56610,2021,0.061694347,44.3961,-96.5333
SD,Groton Generating Station,56238,2021,0.016049404,45.3718,-98.1032
SD,Huron,3344,2021,0,44.3696,-98.17
SD,Lange,55478,2021,0.002691875,44.1212,-103.2608
TN,Allen,3393,2021,0.500178711,35.0742,-90.1439
TN,Brownsville Combustion Turbine Plant,55081,2021,0.023824651,35.5438,-89.198
TN,Bull Run,3396,2021,0.240910224,36.0211,-84.1567
TN,Cumberland,3399,2021,3.016212649,36.3903,-87.6539
TN,Gallatin,3403,2021,0.851188065,36.3156,-86.4006
TN,Gleason Combustion Turbine Plant,55251,2021,0.033772203,36.2454,-88.612
TN,John Sevier,3405,2021,0.386329793,36.3767,-82.9639
TN,Johnsonville,3406,2021,0.116333625,36.0278,-87.9861
TN,Kingston,3407,2021,0.311206294,35.8992,-84.5194
TN,Lagoon Creek,7845,2021,0.244038898,35.6578,-89.3964
TN,Tate & Lyle-Loudon,880079,2021,0,35.7433,-84.3208
TX,Air Liquide Bayport Complex,10298,2021,0.318387714,29.6225,-95.0458
TX,Antelope Elk Energy Center,57865,2021,0.045895504,33.8657,-101.8437
TX,Bacliff Generating Station,60264,2021,0.040104834,29.4922,-94.9844
TX,Barney M. Davis,4939,2021,0.07303421,27.6067,-97.3119
TX,Bastrop Clean Energy Center,55168,2021,0.1175362,30.1458,-97.55
TX,Baytown Energy Center,55327,2021,0.371883346,29.7731,-94.9019
TX,Blackhawk Station,55064,2021,0.248622064,35.6957,-101.36
TX,Bosque County Power Plant,55172,2021,0.307691381,31.8594,-97.3586
TX,"Brazos Valley Energy, LP",55357,2021,0.190210373,29.4731,-95.6244
TX,C. R. Wing Cogeneration Plant,52176,2021,0.002357689,32.2722,-101.4222
TX,Calpine Hidalgo Energy Center,7762,2021,0.23244255,26.3389,-98.1708
TX,Carbon Capture Plant,58378,2021,0,29.4753,-95.6341
TX,Cedar Bayou,3460,2021,0.072136053,29.7483,-94.9272
TX,Cedar Bayou 4,56806,2021,0.135890427,29.752,-94.923
TX,"Chamon Power, LLC",60460,2021,0.010543255,29.8833,-95.1113
TX,Channel Energy Center,55299,2021,0.557454702,29.7189,-95.2319
TX,Channelview Cogeneration Facility,55187,2021,0.71148149,29.8356,-95.1242
TX,Coleto Creek,6178,2021,0.675509929,28.7128,-97.2142
TX,Colorado Bend Energy Center,56350,2021,0.212919193,29.2878,-96.0683
TX,Colorado Bend II,60122,2021,0.467119233,29.2878,-96.0656
TX,Copper Station,9,2021,0,31.7569,-106.375
TX,Corpus Christi Energy Center,55206,2021,0.248461571,27.8139,-97.4283
TX,Cottonwood Energy Project,55358,2021,0.541552807,30.2588,-93.7353
TX,Decker Creek,3548,2021,0.090838259,30.3036,-97.6128
TX,Decordova,8063,2021,0,32.4033,-97.6986
TX,Deer Park Energy Center,55464,2021,0.919220144,29.7153,-95.1361
TX,Eastman Cogeneration Facility,55176,2021,0.318729167,32.4472,-94.6917
TX,Ector County Energy Center,58471,2021,0.002908805,32.0694,-102.5856
TX,"Ennis Power Company, LLC",55223,2021,0.068915739,32.3194,-96.6739
TX,Exelon Laporte Generating Station,55365,2021,0.023550341,29.702,-95.071
TX,ExxonMobil Beaumont Refinery,50625,2021,0.557019207,30.0639,-94.0703
TX,Forney Power Plant,55480,2021,0.638585321,32.7563,-96.4916
TX,Freestone Power Generation,55226,2021,0.426931347,31.8907,-96.1128
TX,Frontera Generation Facility,55098,2021,0.105065243,26.208,-98.3992
TX,Graham,3490,2021,0.049535909,33.135,-98.6117
TX,Greens Bayou,3464,2021,0,29.8208,-95.2194
TX,Gregory Power Facility,55086,2021,0,27.8881,-97.2572
TX,Guadalupe Generating Station,55153,2021,0.226006259,29.6237,-98.1395
TX,H W Pirkey Power Plant,7902,2021,0.932948033,32.4607,-94.4852
TX,HO Clarke Generating,63335,2021,0.0365602,29.6454,-95.4517
TX,Handley Generating Station,3491,2021,0.083751106,32.7278,-97.2186
TX,Hardin County Peaking Facility,56604,2021,0.002511594,30.3039,-94.2527
TX,Harrington Station,6193,2021,1.246716032,35.2972,-101.7475
TX,Harrison County Power Project,55664,2021,0.275725692,32.3958,-94.4361
TX,Hays Energy Facility,55144,2021,0.214648028,29.7806,-97.9894
TX,J K Spruce,7097,2021,1.77659855,29.3091,-98.3205
TX,J Robert Massengale Generating Station,3604,2021,0.013824304,33.6039,-101.8408
TX,J T Deely,6181,2021,0,29.3072,-98.3228
TX,Jack County Generation Facility,55230,2021,0.364182083,33.101,-97.9574
TX,Johnson County Generation Facility,54817,2021,0.02365022,32.3994,-97.4078
TX,Jones Station,3482,2021,0.098490905,33.5239,-101.7392
TX,Knox Lee Power Plant,3476,2021,0.035694048,32.3766,-94.6415
TX,Lake Hubbard,3452,2021,0.000305772,32.8364,-96.5464
TX,Lamar Power Plant,55097,2021,0.631986242,33.6314,-95.589
TX,Laredo,3439,2021,0.015055723,27.5667,-99.5083
TX,Leon Creek,3609,2021,0.021973407,29.3511,-98.5753
TX,Lewis Creek,3457,2021,0.175957468,30.4364,-95.5215
TX,Limestone,298,2021,1.962653815,31.4219,-96.2525
TX,Lost Pines 1,55154,2021,0.16358108,30.1478,-97.27
TX,Magic Valley Generating Station,55123,2021,0.123090563,26.3403,-98.19
TX,Martin Lake,6146,2021,3.308570451,32.2597,-94.5703
TX,Midlothian Energy,55091,2021,0.377178059,32.4302,-97.0537
TX,Montana Power Station,58562,2021,0.100017912,31.8239,-106.2119
TX,Montgomery County Power Station,60925,2021,0.342953675,30.4358,-95.5206
TX,Morgan Creek,3492,2021,0,32.3358,-100.9158
TX,Mountain Creek Generating Station,3453,2021,0.019752416,32.7253,-96.9361
TX,Mustang Station,55065,2021,0.099162964,32.9728,-102.7417
TX,Mustang Station (56326),56326,2021,0.064857434,32.9748,-102.7432
TX,Nacogdoches Generating Facility,55708,2021,0,31.8326,-94.9006
TX,New Gulf Power Facility,50137,2021,0,29.2639,-95.8997
TX,Newman,3456,2021,0.239119797,31.9858,-106.4322
TX,Nichols Station,3484,2021,0.087559672,35.2825,-101.7458
TX,Nueces Bay,3441,2021,0.073782609,27.8182,-97.4189
TX,O W Sommers,3611,2021,0.091111093,29.3078,-98.3244
TX,Oak Grove,6180,2021,2.616728625,31.185,-96.4853
TX,Odessa Ector Generating Station,55215,2021,0.419817316,31.8378,-102.3278
TX,"Optim Energy Altura Cogen, LLC",50815,2021,0.480551573,29.8169,-95.1086
TX,Panda Sherman Power Station,58005,2021,0.146445183,33.5756,-96.6158
TX,Panda Temple Power Station,58001,2021,0.3812435,31.0558,-97.3172
TX,Paris Energy Center,50109,2021,0.051987163,33.6968,-95.5577
TX,Pasadena Power Plant,55047,2021,0.315298678,29.7233,-95.1769
TX,Permian Basin,3494,2021,0.040648834,31.5839,-102.9636
TX,Plant X,3485,2021,0.075909359,34.1661,-102.4114
TX,Port Comfort Peaking Facility,60459,2021,0.01089857,28.648,-96.5457
TX,Power Lane Steam Plant,4195,2021,0.008421081,33.1707,-96.1264
TX,Quail Run Energy Center,56349,2021,0.04068008,31.8414,-102.315
TX,R W Miller,3628,2021,0.025376853,32.6581,-98.3103
TX,Ray Olinger,3576,2021,0.016193207,33.0667,-96.4519
TX,"Rio Nogales Power Project, LP",55137,2021,0.359654943,29.5932,-97.9724
TX,Roland C. Dansby Power Plant,6243,2021,0.040778151,30.7217,-96.4599
TX,SRO Cogen Limited Partnership,55120,2021,0.386525186,30.0561,-93.7539
TX,Sabine,3459,2021,0.528094286,30.0242,-93.875
TX,Sam Rayburn Plant,3631,2021,0.030238078,28.8947,-97.1347
TX,Sam Seymour,6179,2021,2.700151457,29.9172,-96.7506
TX,San Jacinto County Peaking Facility,56603,2021,0.036837799,30.42,-95.0114
TX,San Jacinto Steam Electric Station,7325,2021,0.139269666,29.6967,-95.0411
TX,San Miguel,6183,2021,0.475277249,28.7044,-98.4781
TX,Sand Hill Energy Center,7900,2021,0.184616121,30.2091,-97.6139
TX,Sandy Creek Energy Station,56611,2021,0.967577724,31.4753,-96.9564
TX,Silas Ray,3559,2021,0.009709095,25.9131,-97.5214
TX,Sim Gideon,3601,2021,0.043506636,30.1456,-97.2708
TX,South Houston Green Power Site,55470,2021,0.570017765,29.3775,-94.9328
TX,Spencer,4266,2021,0,33.1978,-97.1067
TX,Stryker Creek,3504,2021,0.048208101,31.9381,-94.9883
TX,Sweeny Cogeneration Facility,55015,2021,0.807433136,29.0728,-95.745
TX,T C Ferguson Power Plant,4937,2021,0.279095862,30.558,-98.3705
TX,T H Wharton,3469,2021,0.127306723,29.9414,-95.5333
TX,Tejas Power Generation Unit 1,60468,2021,0.011425767,29.6464,-95.4518
TX,Tenaska Frontier Generating Station,55062,2021,0.064861272,30.5924,-95.9178
TX,Tenaska Gateway Generating Station,55132,2021,0.242166148,32.0164,-94.6189
TX,Texas City Cogeneration,52088,2021,0.208540339,29.3787,-94.944
TX,Tolk Station,6194,2021,0.297559959,34.1847,-102.5686
TX,Trinidad,3507,2021,0.021355474,32.1264,-96.1014
TX,Twin Oaks,7030,2021,0.614247296,31.0932,-96.6965
TX,V H Braunig,3612,2021,0.265845726,29.2575,-98.3828
TX,Victoria City Peaking Facility,61241,2021,0.004161166,28.7853,-97.0093
TX,Victoria Port Peaking Facility,61242,2021,0,28.6958,-96.9454
TX,Victoria Power Station,3443,2021,0.038123926,28.7883,-97.01
TX,W A Parish,3470,2021,1.985646692,29.4783,-95.6358
TX,Welsh Power Plant,6139,2021,1.182139244,33.0583,-94.844
TX,Wilkes Power Plant,3478,2021,0.083573141,32.8486,-94.5469
TX,Winchester Power Park,56674,2021,0.014090824,30.0253,-96.9945
TX,"Wise County Power Company, LLC",55320,2021,0.212284108,33.0583,-97.9103
TX,Wolf Hollow Generating Station,55139,2021,0.160184127,32.3347,-97.7344
TX,Wolf Hollow II,59812,2021,0.461430968,29.2888,-96.066
UT,Bonanza,7790,2021,0.618674678,40.0864,-109.2844
UT,Currant Creek Power Project,56102,2021,0.291734433,39.8223,-111.894
UT,Gadsby,3648,2021,0.000526506,40.7686,-111.9289
UT,Hunter,6165,2021,2.215791999,39.1747,-111.0289
UT,Huntington,8069,2021,1.276507467,39.3792,-111.0781
UT,Intermountain,6481,2021,1.692688845,39.5035,-112.5811
UT,Lake Side Power Plant,56237,2021,0.522453035,40.3311,-111.7547
UT,Millcreek Power,56253,2021,0.00044633,37.1124,-113.5155
UT,Nebo Power Station,56177,2021,0.027929016,40.0614,-111.7294
UT,Sunnyside Cogeneration Associates,50951,2021,0,39.5472,-110.3917
UT,West Valley Power Plant,55622,2021,0.011330381,40.6663,-112.031
VA,Altavista Power Station,10773,2021,0.094576172,37.1183,-79.2726
VA,Bear Garden Generating Station,56807,2021,0.361122924,37.6961,-78.2848
VA,Birchwood Power Facility,54304,2021,0.095082126,38.2667,-77.3147
VA,Brunswick County Power Station,58260,2021,0.905113113,36.7637,-77.7112
VA,Buchanan Units 1 & 2,55738,2021,0.05707605,37.1753,-81.9617
VA,Chesterfield Power Station,3797,2021,0.548531912,37.3822,-77.3833
VA,Clinch River,3775,2021,0.000268593,36.9333,-82.1997
VA,Clover Power Station,7213,2021,0.381334319,36.8692,-78.7046
VA,Commonwealth Chesapeake,55381,2021,0.012209513,37.9892,-75.54
VA,Darbytown Combustion Turbine,7212,2021,0.005736494,37.4978,-77.368
VA,Doswell Limited Partnership,52019,2021,0.584490316,37.8181,-77.4478
VA,Elizabeth River Combustion Turbine Sta,52087,2021,0.011389526,36.7743,-76.3119
VA,Gordonsville Power Station,54844,2021,0.097125258,38.1245,-78.2031
VA,Gravel Neck Combustion Turbine,7032,2021,0.004665925,37.1575,-76.6911
VA,Greensville County Power Station,59913,2021,1.055167322,36.7184,-77.6523
VA,Hopewell Cogeneration Facility,10633,2021,0.00357467,37.2914,-77.2821
VA,Hopewell Power Station,10771,2021,0.083440185,37.2969,-77.2833
VA,Ladysmith Combustion Turbine Sta,7839,2021,0.017768372,38.0725,-77.5141
VA,Louisa Generation Facility,7837,2021,0.04209436,38.1181,-78.2139
VA,Marsh Run Generation Facility,7836,2021,0.057811167,38.5283,-77.7681
VA,Panda Stonewall Power Project,59004,2021,0.48664922,39.0578,-77.5425
VA,Possum Point Power Station,3804,2021,0.165768606,38.5367,-77.2806
VA,Remington Combustion Turbine Station,7838,2021,0.01077137,38.5447,-77.7707
VA,Southampton Power Station,10774,2021,0.13384212,36.6525,-76.9953
VA,"Spruance Genco, LLC",54081,2021,0.083946585,37.4556,-77.4308
VA,Tasley Energy Center,3785,2021,0,37.7061,-75.7031
VA,Tenaska Virginia Generating Station,55439,2021,0.140969842,37.8667,-78.3813
VA,Virginia City Hybrid Energy Center,56808,2021,0.337592496,36.9161,-82.3381
VA,Warren County Power Station,55939,2021,0.768998926,38.9705,-78.1777
VA,WestRock Virginia Corp Covington Ops,50900,2021,0,37.7997,-79.9946
VA,Wolf Hills Energy,55285,2021,0.002907346,36.6644,-82.1044
VA,Yorktown Power Station,3809,2021,0.001766103,37.2144,-76.4611
VT,Berlin 5,3734,2021,0.000210648,44.2498,-72.6035
VT,J C McNeil,589,2021,0.138807107,44.4917,-73.2081
VT,Penny Lane Gas Turbine,3754,2021,9.5073E-05,44.4817,-73.2241
WA,Centralia,3845,2021,1.066401836,46.7559,-122.8578
WA,Chehalis Generation Facility,55662,2021,0.228921256,46.6226,-122.9145
WA,Encogen Generating Station,7870,2021,0.017885087,48.746,-122.486
WA,Ferndale Generating Station,54537,2021,0.119790025,48.8283,-122.6853
WA,Frederickson Power LP,55818,2021,0.060782064,47.0864,-122.3644
WA,Goldendale Generating Station,55482,2021,0.213248077,45.8114,-120.833
WA,Grays Harbor Energy Center,7999,2021,0.339715495,46.9688,-123.48
WA,River Road,7605,2021,0.211780345,45.65,-122.7231
WI,Appleton Property Ventures LLC,55558,2021,0.050611479,44.2717,-88.3011
WI,Bay Front,3982,2021,0.072712538,46.5869,-90.9017
WI,Blount Street,3992,2021,0.004084222,43.0792,-89.3739
WI,Columbia,8023,2021,1.740909221,43.4864,-89.4203
WI,Concord,7159,2021,0.01369638,43.1669,-88.69
WI,Depere Energy Center,55029,2021,0.023634142,44.4489,-88.0731
WI,Edgewater (4050),4050,2021,0.594804645,43.715,-87.7094
WI,Elk Mound Generating Station,7863,2021,0.003217241,44.9019,-91.5678
WI,Elm Road Generating Station,56068,2021,2.084343209,42.8445,-87.829
WI,Fitchburg Generating Station,3991,2021,0,43.0149,-89.4603
WI,Fox Energy Center,56031,2021,0.435216316,44.3204,-88.2089
WI,French Island,4005,2021,0,43.8298,-91.26
WI,Genoa,4143,2021,0.379256037,43.5592,-91.2333
WI,Germantown Power Plant,6253,2021,0.009419883,43.1952,-88.1496
WI,Island Street Peaking Plant,55836,2021,0.002570327,44.2761,-88.2656
WI,J P Madgett,4271,2021,0.546706041,44.3026,-91.9126
WI,Manitowoc,4125,2021,0.061378327,44.082,-87.6558
WI,Marshfield Utilities Combustion Turbine,56480,2021,1.4681E-05,44.635,-90.135
WI,Neenah Energy Facility,55135,2021,0.003925752,44.1934,-88.5055
WI,Paris,7270,2021,0.013829857,42.6658,-88.0131
WI,Port Washington Generating Station,4040,2021,0.695313628,43.3842,-87.8689
WI,Pulliam,4072,2021,0.015041717,44.5397,-88.0083
WI,Riverside Energy Center,55641,2021,0.37945802,42.5835,-89.0351
WI,Rockgen Energy Center,55391,2021,0.013858591,42.9767,-89.0492
WI,Rothschild Biomass Cogeneration Facility,58124,2021,0.119548658,44.8878,-89.6298
WI,Sheboygan Falls Energy Facility,56166,2021,0.005938599,43.7519,-87.8783
WI,South Fond Du Lac,7203,2021,0.016360421,43.7353,-88.4968
WI,South Oak Creek,4041,2021,1.298630953,42.8457,-87.8294
WI,Valley (WEPCO),4042,2021,0.115492432,43.0303,-87.9233
WI,West Campus Cogeneration Facility,7991,2021,0.049237599,43.0751,-89.4251
WI,West Marinette,4076,2021,0.019322649,45.0869,-87.6881
WI,Weston,4078,2021,0.913905836,44.8606,-89.6553
WI,Wheaton Generating Plant,4014,2021,0,44.8864,-91.5158
WI,Whitewater Cogeneration Facility,55011,2021,0.089201796,42.8543,-88.7297
WV,Axiall Corporation Natrium Plant,50491,2021,0.108757171,39.7475,-80.8547
WV,Big Sandy Peaker Plant,55284,2021,0.018770837,38.3441,-82.5938
WV,Ceredo Generating Station,55276,2021,0.024066711,38.3681,-82.5339
WV,Fort Martin Power Station,3943,2021,1.166239254,39.7107,-79.9275
WV,Grant Town Power Plant,10151,2021,0.198997834,39.5611,-80.1642
WV,Harrison Power Station,3944,2021,2.988877227,39.3844,-80.3325
WV,John E Amos,3935,2021,3.059335772,38.4731,-81.8233
WV,Longview Power,56671,2021,1.290476287,39.7078,-79.9588
WV,Mitchell (WV),3948,2021,0.732354467,39.8297,-80.8153
WV,Morgantown Energy Facility,10743,2021,0,39.6397,-79.9606
WV,Mount Storm Power Station,3954,2021,1.685880762,39.2014,-79.2667
WV,Mountaineer (1301),6264,2021,2.172847956,38.9794,-81.9344
WV,"Pleasants Energy, LLC",55349,2021,0.077193566,39.3328,-81.3639
WV,Pleasants Power Station,6004,2021,1.806262175,39.3668,-81.2944
WY,Cheyenne Prairie Generating Station,57703,2021,0.034134049,41.1229,-104.7214
WY,Dave Johnston,4158,2021,1.147387766,42.8378,-105.7769
WY,Dry Fork Station,56609,2021,0.762268202,44.3901,-105.4591
WY,Jim Bridger,8066,2021,2.377779246,41.7378,-108.7875
WY,Laramie River,6204,2021,2.401510259,42.1103,-104.8828
WY,Naughton,4162,2021,0.680929952,41.7572,-110.5986
WY,Neil Simpson II,7504,2021,0.198436387,44.2853,-105.3841
WY,Neil Simpson II (CT2),55477,2021,0.000712079,44.2853,-105.3841
WY,Wygen I,55479,2021,0.214859817,44.2862,-105.3843
WY,Wygen II,56319,2021,0.143186839,44.2911,-105.3815
WY,Wygen III,56596,2021,0.227993019,44.2892,-105.3795
WY,Wyodak,6101,2021,0.505431267,44.2886,-105.3847
